{"type":"FeatureCollection","features":[{"type":"Feature","geometry":{"type":"Point","coordinates":[2.2234625238542307,48.582715781664064]},"properties":{"stationId":"egly::91207","name":"Égly","metroLines":[],"rerLines":["C"]}},{"type":"Feature","geometry":{"type":"Point","coordinates":[2.170354257290333,48.56433413404574]},"properties":{"stationId":"breuillet village::91105","name":"Breuillet Village","metroLines":[],"rerLines":["C"]}},{"type":"Feature","geometry":{"type":"Point","coordinates":[2.0957859968423524,49.04673337596684]},"properties":{"stationId":"pontoise::95500","name":"Pontoise","metroLines":[],"rerLines":["C"]}},{"type":"Feature","geometry":{"type":"Point","coordinates":[2.1545313948758564,49.01917957374756]},"properties":{"stationId":"pierrelaye::95488","name":"Pierrelaye","metroLines":[],"rerLines":["C"]}},{"type":"Feature","geometry":{"type":"Point","coordinates":[2.290908349251896,48.56564453550255]},"properties":{"stationId":"marolles-en-hurepoix::91376","name":"Marolles-en-Hurepoix","metroLines":[],"rerLines":["C"]}},{"type":"Feature","geometry":{"type":"Point","coordinates":[2.2151562718541644,48.51405318948937]},"properties":{"stationId":"gare de chamarande::91132","name":"Gare de Chamarande","metroLines":[],"rerLines":["C"]}},{"type":"Feature","geometry":{"type":"Point","coordinates":[2.1947692381982216,48.49387742150091]},"properties":{"stationId":"etrechy::91226","name":"Étréchy","metroLines":[],"rerLines":["C"]}},{"type":"Feature","geometry":{"type":"Point","coordinates":[2.1349078603373464,48.79526039893613]},"properties":{"stationId":"versailles chantiers::78646","name":"Versailles Chantiers","metroLines":[],"rerLines":["C"]}},{"type":"Feature","geometry":{"type":"Point","coordinates":[2.1965151756043033,49.007744118117]},"properties":{"stationId":"montigny::95488","name":"Montigny - Beauchamp","metroLines":[],"rerLines":["C"]}},{"type":"Feature","geometry":{"type":"Point","coordinates":[2.313901968217972,48.9206901983449]},"properties":{"stationId":"les gresillons::92036","name":"Les Grésillons","metroLines":[],"rerLines":["C"]}},{"type":"Feature","geometry":{"type":"Point","coordinates":[2.284217509613705,48.878347804048644]},"properties":{"stationId":"neuilly::75056","name":"Neuilly - Porte Maillot","metroLines":[],"rerLines":["C","E"]}},{"type":"Feature","geometry":{"type":"Point","coordinates":[2.332043500451718,48.6693475106473]},"properties":{"stationId":"epinay-sur-orge::91216","name":"Épinay-sur-Orge","metroLines":[],"rerLines":["C"]}},{"type":"Feature","geometry":{"type":"Point","coordinates":[2.3129608959702024,48.65295347339147]},"properties":{"stationId":"sainte-genevieve-des-bois::91549","name":"Sainte-Geneviève-des-Bois","metroLines":[],"rerLines":["C"]}},{"type":"Feature","geometry":{"type":"Point","coordinates":[2.260947446833779,48.82492351220209]},"properties":{"stationId":"issy::92040","name":"Issy","metroLines":[],"rerLines":["C"]}},{"type":"Feature","geometry":{"type":"Point","coordinates":[2.3141773163932773,48.860874454704096]},"properties":{"stationId":"invalides::75056","name":"Invalides","metroLines":["8","13"],"rerLines":["C"]}},{"type":"Feature","geometry":{"type":"Point","coordinates":[2.344959780029387,48.853023793740164]},"properties":{"stationId":"saint-michel notre-dame::75056","name":"Saint-Michel Notre-Dame","metroLines":[],"rerLines":["B","C"]}},{"type":"Feature","geometry":{"type":"Point","coordinates":[2.376889889451254,48.82960408868407]},"properties":{"stationId":"bibliotheque francois mitterrand::75056","name":"Bibliothèque François Mitterrand","metroLines":["14"],"rerLines":["C"]}},{"type":"Feature","geometry":{"type":"Point","coordinates":[2.411287538155699,48.76387977763339]},"properties":{"stationId":"choisy-le-roi::94022","name":"Choisy-le-Roi","metroLines":[],"rerLines":["C"]}},{"type":"Feature","geometry":{"type":"Point","coordinates":[2.3521980873905326,48.74021613668418]},"properties":{"stationId":"rungis la fraternelle::94065","name":"Rungis la Fraternelle","metroLines":[],"rerLines":["C"]}},{"type":"Feature","geometry":{"type":"Point","coordinates":[2.266373253656526,48.73023851479109]},"properties":{"stationId":"massy::91377","name":"Massy - Palaiseau","metroLines":[],"rerLines":["B","C"]}},{"type":"Feature","geometry":{"type":"Point","coordinates":[2.463295818844443,48.60581740091332]},"properties":{"stationId":"essonnes robinson::91174","name":"Essonnes Robinson","metroLines":[],"rerLines":["D"]}},{"type":"Feature","geometry":{"type":"Point","coordinates":[2.5445365646399507,48.535084951085466]},"properties":{"stationId":"ponthierry::77407","name":"Ponthierry - Pringy","metroLines":[],"rerLines":["D"]}},{"type":"Feature","geometry":{"type":"Point","coordinates":[2.393493661032251,48.39367132989446]},"properties":{"stationId":"maisse::91359","name":"Maisse","metroLines":[],"rerLines":["D"]}},{"type":"Feature","geometry":{"type":"Point","coordinates":[2.472467657639279,48.61323864277619]},"properties":{"stationId":"corbeil-essonnes::91174","name":"Corbeil-Essonnes","metroLines":[],"rerLines":["D"]}},{"type":"Feature","geometry":{"type":"Point","coordinates":[2.4520047548737254,48.623306397197155]},"properties":{"stationId":"le bras de fer::91228","name":"Le Bras de Fer","metroLines":[],"rerLines":["D"]}},{"type":"Feature","geometry":{"type":"Point","coordinates":[2.39678605544789,48.65484195083382]},"properties":{"stationId":"grigny centre::91286","name":"Grigny Centre","metroLines":[],"rerLines":["D"]}},{"type":"Feature","geometry":{"type":"Point","coordinates":[2.383334629403869,48.68970940912314]},"properties":{"stationId":"juvisy::91326","name":"Juvisy","metroLines":[],"rerLines":["C","D"]}},{"type":"Feature","geometry":{"type":"Point","coordinates":[2.569507070898012,48.62833648393033]},"properties":{"stationId":"lieusaint::77251","name":"Lieusaint - Moissy","metroLines":[],"rerLines":["D"]}},{"type":"Feature","geometry":{"type":"Point","coordinates":[2.483187005163047,48.7064507273249]},"properties":{"stationId":"yerres::91691","name":"Yerres","metroLines":[],"rerLines":["D"]}},{"type":"Feature","geometry":{"type":"Point","coordinates":[2.438697833840877,48.744611139140474]},"properties":{"stationId":"villeneuve triage::94078","name":"Villeneuve Triage","metroLines":[],"rerLines":["D"]}},{"type":"Feature","geometry":{"type":"Point","coordinates":[2.4321242678299977,48.78883131123265]},"properties":{"stationId":"le vert de maisons::94046","name":"Le Vert de Maisons","metroLines":[],"rerLines":["D"]}},{"type":"Feature","geometry":{"type":"Point","coordinates":[2.4264376603578035,48.80217813521484]},"properties":{"stationId":"maisons-alfort::94002","name":"Maisons-Alfort - Alfortville","metroLines":[],"rerLines":["D"]}},{"type":"Feature","geometry":{"type":"Point","coordinates":[2.3504430479100207,48.91769737260247]},"properties":{"stationId":"stade de france saint-denis::93066","name":"Stade de France Saint-Denis","metroLines":[],"rerLines":["D"]}},{"type":"Feature","geometry":{"type":"Point","coordinates":[2.3899547555239407,48.97632635843972]},"properties":{"stationId":"garges::95268","name":"Garges - Sarcelles","metroLines":[],"rerLines":["D"]}},{"type":"Feature","geometry":{"type":"Point","coordinates":[2.542644466674205,48.82324786783017]},"properties":{"stationId":"villiers-sur-marne::94079","name":"Villiers-sur-Marne - Le Plessis-Trévise","metroLines":[],"rerLines":["E"]}},{"type":"Feature","geometry":{"type":"Point","coordinates":[2.4890536307751616,48.85424654032024]},"properties":{"stationId":"val de fontenay::94033","name":"Val de Fontenay","metroLines":[],"rerLines":["A","E"]}},{"type":"Feature","geometry":{"type":"Point","coordinates":[2.3583177149184342,48.87657290319617]},"properties":{"stationId":"gare de l'est::75056","name":"Gare de l'Est","metroLines":["4","5","7"],"rerLines":["E"]}},{"type":"Feature","geometry":{"type":"Point","coordinates":[2.3737182728654673,48.89645824176388]},"properties":{"stationId":"rosa parks::75056","name":"Rosa Parks","metroLines":[],"rerLines":["E"]}},{"type":"Feature","geometry":{"type":"Point","coordinates":[2.4010414542870944,48.897987452300434]},"properties":{"stationId":"pantin::93055","name":"Pantin","metroLines":[],"rerLines":["E"]}},{"type":"Feature","geometry":{"type":"Point","coordinates":[2.4591980956866797,48.8966634168645]},"properties":{"stationId":"noisy-le-sec::93053","name":"Noisy-le-Sec","metroLines":[],"rerLines":["E"]}},{"type":"Feature","geometry":{"type":"Point","coordinates":[2.637705554664271,48.87517306494243]},"properties":{"stationId":"vaires::77479","name":"Vaires - Torcy","metroLines":[],"rerLines":["E"]}},{"type":"Feature","geometry":{"type":"Point","coordinates":[2.4729094308778183,48.80619648110731]},"properties":{"stationId":"saint-maur::94068","name":"Saint-Maur - Créteil","metroLines":[],"rerLines":["A"]}},{"type":"Feature","geometry":{"type":"Point","coordinates":[2.486623744135692,48.8054097518155]},"properties":{"stationId":"le parc de saint-maur::94068","name":"Le Parc de Saint-Maur","metroLines":[],"rerLines":["A"]}},{"type":"Feature","geometry":{"type":"Point","coordinates":[2.5132322873015256,48.79532749459459]},"properties":{"stationId":"la varenne::94068","name":"La Varenne - Chennevières","metroLines":[],"rerLines":["A"]}},{"type":"Feature","geometry":{"type":"Point","coordinates":[2.1851757042018707,48.92034757911033]},"properties":{"stationId":"houilles::78311","name":"Houilles - Carrières-sur-Seine","metroLines":[],"rerLines":["A"]}},{"type":"Feature","geometry":{"type":"Point","coordinates":[2.1572200388507317,48.93769529363442]},"properties":{"stationId":"sartrouville::78586","name":"Sartrouville","metroLines":[],"rerLines":["A"]}},{"type":"Feature","geometry":{"type":"Point","coordinates":[2.0936529195192275,48.95541092942684]},"properties":{"stationId":"acheres grand cormier::78551","name":"Achères Grand Cormier","metroLines":[],"rerLines":["A"]}},{"type":"Feature","geometry":{"type":"Point","coordinates":[2.0345219282999176,49.049642166828754]},"properties":{"stationId":"cergy saint-christophe::95127","name":"Cergy Saint-Christophe","metroLines":[],"rerLines":["A"]}},{"type":"Feature","geometry":{"type":"Point","coordinates":[2.078348820578231,49.01374275942672]},"properties":{"stationId":"neuville universite::95450","name":"Neuville Université","metroLines":[],"rerLines":["A"]}},{"type":"Feature","geometry":{"type":"Point","coordinates":[2.0777265246565433,48.970643570814424]},"properties":{"stationId":"acheres ville::78005","name":"Achères Ville","metroLines":[],"rerLines":["A"]}},{"type":"Feature","geometry":{"type":"Point","coordinates":[2.2929083820455323,48.78756698215643]},"properties":{"stationId":"fontenay-aux-roses::92032","name":"Fontenay-aux-Roses","metroLines":[],"rerLines":["B"]}},{"type":"Feature","geometry":{"type":"Point","coordinates":[2.5709800477570233,49.0041455478504]},"properties":{"stationId":"aeroport charles de gaulle 2 (terminal 2)::93073","name":"Aéroport Charles de Gaulle 2 (Terminal 2)","metroLines":[],"rerLines":["B"]}},{"type":"Feature","geometry":{"type":"Point","coordinates":[2.097722386795541,48.70131367727702]},"properties":{"stationId":"courcelle-sur-yvette::91272","name":"Courcelle-sur-Yvette","metroLines":[],"rerLines":["B"]}},{"type":"Feature","geometry":{"type":"Point","coordinates":[2.1643461393269345,48.69621022314541]},"properties":{"stationId":"bures-sur-yvette::91122","name":"Bures-sur-Yvette","metroLines":[],"rerLines":["B"]}},{"type":"Feature","geometry":{"type":"Point","coordinates":[2.3042107053612133,48.76171816323692]},"properties":{"stationId":"la croix de berny::92002","name":"La Croix de Berny","metroLines":[],"rerLines":["B"]}},{"type":"Feature","geometry":{"type":"Point","coordinates":[2.3220087047421583,48.79333690627149]},"properties":{"stationId":"bagneux::94016","name":"Bagneux","metroLines":[],"rerLines":["B"]}},{"type":"Feature","geometry":{"type":"Point","coordinates":[2.3343440158701894,48.808360137202826]},"properties":{"stationId":"laplace::94003","name":"Laplace","metroLines":[],"rerLines":["B"]}},{"type":"Feature","geometry":{"type":"Point","coordinates":[2.425825637815098,48.930744340383264]},"properties":{"stationId":"le bourget::93013","name":"Le Bourget","metroLines":[],"rerLines":["B"]}},{"type":"Feature","geometry":{"type":"Point","coordinates":[2.454883180745302,48.932732553959134]},"properties":{"stationId":"drancy::93029","name":"Drancy","metroLines":[],"rerLines":["B"]}},{"type":"Feature","geometry":{"type":"Point","coordinates":[2.3840505190359913,48.85015562482148]},"properties":{"stationId":"faidherbe::75056","name":"Faidherbe - Chaligny","metroLines":["8"],"rerLines":[]}},{"type":"Feature","geometry":{"type":"Point","coordinates":[2.4023235835263472,48.83703899249338]},"properties":{"stationId":"michel bizot::75056","name":"Michel Bizot","metroLines":["8"],"rerLines":[]}},{"type":"Feature","geometry":{"type":"Point","coordinates":[2.4223611383785,48.81479709305343]},"properties":{"stationId":"ecole veterinaire de maisons-alfort::94046","name":"Ecole Vétérinaire de Maisons-Alfort","metroLines":["8"],"rerLines":[]}},{"type":"Feature","geometry":{"type":"Point","coordinates":[2.4403721853221625,48.80605520405406]},"properties":{"stationId":"maisons-alfort::94046","name":"Maisons-Alfort - Les Juilliottes","metroLines":["8"],"rerLines":[]}},{"type":"Feature","geometry":{"type":"Point","coordinates":[2.4530838205153027,48.78876558416045]},"properties":{"stationId":"creteil::94028","name":"Créteil - L'Échat","metroLines":["8"],"rerLines":[]}},{"type":"Feature","geometry":{"type":"Point","coordinates":[2.4416290218490655,48.86229378395542]},"properties":{"stationId":"mairie de montreuil::93048","name":"Mairie de Montreuil","metroLines":["9"],"rerLines":[]}},{"type":"Feature","geometry":{"type":"Point","coordinates":[2.4060437756885484,48.85269057571818]},"properties":{"stationId":"maraichers::75056","name":"Maraîchers","metroLines":["9"],"rerLines":[]}},{"type":"Feature","geometry":{"type":"Point","coordinates":[2.368377586864978,48.864718687337316]},"properties":{"stationId":"oberkampf::75056","name":"Oberkampf","metroLines":["5","9"],"rerLines":[]}},{"type":"Feature","geometry":{"type":"Point","coordinates":[2.3484987227832232,48.870562400562584]},"properties":{"stationId":"bonne nouvelle::75056","name":"Bonne Nouvelle","metroLines":["8","9"],"rerLines":[]}},{"type":"Feature","geometry":{"type":"Point","coordinates":[2.3011174399316845,48.86468769506181]},"properties":{"stationId":"alma::75056","name":"Alma - Marceau","metroLines":["9"],"rerLines":[]}},{"type":"Feature","geometry":{"type":"Point","coordinates":[2.277900980624227,48.863994519127516]},"properties":{"stationId":"rue de la pompe::75056","name":"Rue de la Pompe","metroLines":["9"],"rerLines":[]}},{"type":"Feature","geometry":{"type":"Point","coordinates":[2.2569178446714324,48.83797784424665]},"properties":{"stationId":"porte de saint-cloud::75056","name":"Porte de Saint-Cloud","metroLines":["9"],"rerLines":[]}},{"type":"Feature","geometry":{"type":"Point","coordinates":[2.2379285371193074,48.83187524345199]},"properties":{"stationId":"billancourt::92012","name":"Billancourt","metroLines":["9"],"rerLines":[]}},{"type":"Feature","geometry":{"type":"Point","coordinates":[2.269990427748267,48.85540488664135]},"properties":{"stationId":"ranelagh::75056","name":"Ranelagh","metroLines":["9"],"rerLines":[]}},{"type":"Feature","geometry":{"type":"Point","coordinates":[2.2740962446697224,48.85809196689865]},"properties":{"stationId":"la muette::75056","name":"La Muette","metroLines":["9"],"rerLines":[]}},{"type":"Feature","geometry":{"type":"Point","coordinates":[2.3275874140853463,48.873610185430756]},"properties":{"stationId":"havre-caumartin::75056","name":"Havre-Caumartin","metroLines":["3","9"],"rerLines":[]}},{"type":"Feature","geometry":{"type":"Point","coordinates":[2.333844863834009,48.873006641247585]},"properties":{"stationId":"chaussee d'antin::75056","name":"Chaussée d'Antin - La Fayette","metroLines":["7","9"],"rerLines":[]}},{"type":"Feature","geometry":{"type":"Point","coordinates":[2.3430299616376815,48.87151054167438]},"properties":{"stationId":"grands boulevards::75056","name":"Grands Boulevards","metroLines":["8","9"],"rerLines":[]}},{"type":"Feature","geometry":{"type":"Point","coordinates":[2.3739384950668683,48.861448438188404]},"properties":{"stationId":"saint-ambroise::75056","name":"Saint-Ambroise","metroLines":["9"],"rerLines":[]}},{"type":"Feature","geometry":{"type":"Point","coordinates":[2.3801198528683636,48.857698864969734]},"properties":{"stationId":"voltaire::75056","name":"Voltaire","metroLines":["9"],"rerLines":[]}},{"type":"Feature","geometry":{"type":"Point","coordinates":[2.384835147558965,48.85497344024961]},"properties":{"stationId":"charonne::75056","name":"Charonne","metroLines":["9"],"rerLines":[]}},{"type":"Feature","geometry":{"type":"Point","coordinates":[2.4107108825255184,48.85352306607479]},"properties":{"stationId":"porte de montreuil::75056","name":"Porte de Montreuil","metroLines":["9"],"rerLines":[]}},{"type":"Feature","geometry":{"type":"Point","coordinates":[2.3449590918432683,48.850910304297514]},"properties":{"stationId":"cluny::75056","name":"Cluny - La Sorbonne","metroLines":["10"],"rerLines":[]}},{"type":"Feature","geometry":{"type":"Point","coordinates":[2.285622677583146,48.84648312793993]},"properties":{"stationId":"charles michels::75056","name":"Charles Michels","metroLines":["10"],"rerLines":[]}},{"type":"Feature","geometry":{"type":"Point","coordinates":[2.2283125898228056,48.84067248206251]},"properties":{"stationId":"boulogne pont de saint-cloud::92012","name":"Boulogne Pont de Saint-Cloud","metroLines":["10"],"rerLines":[]}},{"type":"Feature","geometry":{"type":"Point","coordinates":[2.2390602250207654,48.84202743863004]},"properties":{"stationId":"boulogne jean jaures::92012","name":"Boulogne Jean Jaurès","metroLines":["10"],"rerLines":[]}},{"type":"Feature","geometry":{"type":"Point","coordinates":[2.2730641263728333,48.84707750734599]},"properties":{"stationId":"mirabeau::75056","name":"Mirabeau","metroLines":["10"],"rerLines":[]}},{"type":"Feature","geometry":{"type":"Point","coordinates":[2.278029932036142,48.84647652153936]},"properties":{"stationId":"javel::75056","name":"Javel - André Citroën","metroLines":["10"],"rerLines":["C"]}},{"type":"Feature","geometry":{"type":"Point","coordinates":[2.2987179103193287,48.84930066579924]},"properties":{"stationId":"la motte-picquet::75056","name":"La Motte-Picquet - Grenelle","metroLines":["6","8","10"],"rerLines":[]}},{"type":"Feature","geometry":{"type":"Point","coordinates":[2.3351148186705837,48.85290204083125]},"properties":{"stationId":"mabillon::75056","name":"Mabillon","metroLines":["10"],"rerLines":[]}},{"type":"Feature","geometry":{"type":"Point","coordinates":[2.3513280016731763,48.84670003526311]},"properties":{"stationId":"cardinal lemoine::75056","name":"Cardinal Lemoine","metroLines":["10"],"rerLines":[]}},{"type":"Feature","geometry":{"type":"Point","coordinates":[2.354868118960175,48.84610311618606]},"properties":{"stationId":"jussieu::75056","name":"Jussieu","metroLines":["7","10"],"rerLines":[]}},{"type":"Feature","geometry":{"type":"Point","coordinates":[2.365559197457677,48.84193028158477]},"properties":{"stationId":"gare d'austerlitz::75056","name":"Gare d'Austerlitz","metroLines":["5","10"],"rerLines":["C"]}},{"type":"Feature","geometry":{"type":"Point","coordinates":[2.3986616714546827,48.87551494906394]},"properties":{"stationId":"telegraphe::75056","name":"Télégraphe","metroLines":["11"],"rerLines":[]}},{"type":"Feature","geometry":{"type":"Point","coordinates":[2.3522275794001994,48.85737125562263]},"properties":{"stationId":"hotel de ville::75056","name":"Hôtel de Ville","metroLines":["1","11"],"rerLines":[]}},{"type":"Feature","geometry":{"type":"Point","coordinates":[2.3767274067436235,48.8721156855989]},"properties":{"stationId":"belleville::75056","name":"Belleville","metroLines":["2","11"],"rerLines":[]}},{"type":"Feature","geometry":{"type":"Point","coordinates":[2.416323864270524,48.8797010590184]},"properties":{"stationId":"mairie des lilas::93045","name":"Mairie des Lilas","metroLines":["11"],"rerLines":[]}},{"type":"Feature","geometry":{"type":"Point","coordinates":[2.4546692358364623,48.878269829247664]},"properties":{"stationId":"montreuil::93048","name":"Montreuil - Hôpital","metroLines":["11"],"rerLines":[]}},{"type":"Feature","geometry":{"type":"Point","coordinates":[2.3780834205243178,48.90841035525372]},"properties":{"stationId":"aime cesaire::93001","name":"Aimé Césaire","metroLines":["12"],"rerLines":[]}},{"type":"Feature","geometry":{"type":"Point","coordinates":[2.3498076908865646,48.89139016762248]},"properties":{"stationId":"marcadet::75056","name":"Marcadet - Poissonniers","metroLines":["4","12"],"rerLines":[]}},{"type":"Feature","geometry":{"type":"Point","coordinates":[2.3383810567007117,48.88438814630737]},"properties":{"stationId":"abbesses::75056","name":"Abbesses","metroLines":["12"],"rerLines":[]}},{"type":"Feature","geometry":{"type":"Point","coordinates":[2.337717783942994,48.8821249093382]},"properties":{"stationId":"pigalle::75056","name":"Pigalle","metroLines":["2","12"],"rerLines":[]}},{"type":"Feature","geometry":{"type":"Point","coordinates":[2.333039903288201,48.87629373715784]},"properties":{"stationId":"trinite::75056","name":"Trinité - d'Estienne d'Orves","metroLines":["12"],"rerLines":[]}},{"type":"Feature","geometry":{"type":"Point","coordinates":[2.325178251816791,48.87539417483125]},"properties":{"stationId":"saint-lazare::75056","name":"Saint-Lazare","metroLines":["3","12","13","14"],"rerLines":[]}},{"type":"Feature","geometry":{"type":"Point","coordinates":[2.3256487534902934,48.87007910706024]},"properties":{"stationId":"madeleine::75056","name":"Madeleine","metroLines":["8","12","14"],"rerLines":[]}},{"type":"Feature","geometry":{"type":"Point","coordinates":[2.3232172176567274,48.86628213650889]},"properties":{"stationId":"concorde::75056","name":"Concorde","metroLines":["1","8","12"],"rerLines":[]}},{"type":"Feature","geometry":{"type":"Point","coordinates":[2.322656821546768,48.842974596860195]},"properties":{"stationId":"montparnasse bienvenue::75056","name":"Montparnasse Bienvenue","metroLines":["4","6","12","13"],"rerLines":[]}},{"type":"Feature","geometry":{"type":"Point","coordinates":[2.312728493921643,48.84269819752785]},"properties":{"stationId":"pasteur::75056","name":"Pasteur","metroLines":["6","12"],"rerLines":[]}},{"type":"Feature","geometry":{"type":"Point","coordinates":[2.2963778239575934,48.83713047716297]},"properties":{"stationId":"convention::75056","name":"Convention","metroLines":["12"],"rerLines":[]}},{"type":"Feature","geometry":{"type":"Point","coordinates":[2.307948543468454,48.84146998577463]},"properties":{"stationId":"volontaires::75056","name":"Volontaires","metroLines":["12"],"rerLines":[]}},{"type":"Feature","geometry":{"type":"Point","coordinates":[2.327903935177659,48.84826153607732]},"properties":{"stationId":"rennes::75056","name":"Rennes","metroLines":["12"],"rerLines":[]}},{"type":"Feature","geometry":{"type":"Point","coordinates":[2.3375126297098805,48.87838929383061]},"properties":{"stationId":"saint-georges::75056","name":"Saint-Georges","metroLines":["12"],"rerLines":[]}},{"type":"Feature","geometry":{"type":"Point","coordinates":[2.3385237071826577,48.8896904711218]},"properties":{"stationId":"lamarck::75056","name":"Lamarck - Caulaincourt","metroLines":["12"],"rerLines":[]}},{"type":"Feature","geometry":{"type":"Point","coordinates":[2.3201495699882813,48.890603798072604]},"properties":{"stationId":"brochant::75056","name":"Brochant","metroLines":["13"],"rerLines":[]}},{"type":"Feature","geometry":{"type":"Point","coordinates":[2.30531700267405,48.90396353864856]},"properties":{"stationId":"mairie de clichy::92024","name":"Mairie de Clichy","metroLines":["13"],"rerLines":[]}},{"type":"Feature","geometry":{"type":"Point","coordinates":[2.2863047563226653,48.92304306030766]},"properties":{"stationId":"les agnettes::92036","name":"Les Agnettes","metroLines":["13"],"rerLines":[]}},{"type":"Feature","geometry":{"type":"Point","coordinates":[2.3540756837226167,48.93201034647078]},"properties":{"stationId":"saint-denis::93066","name":"Saint-Denis - Université","metroLines":["13","14"],"rerLines":["D"]}},{"type":"Feature","geometry":{"type":"Point","coordinates":[2.3592641539891104,48.93658505327579]},"properties":{"stationId":"basilique de saint-denis::93066","name":"Basilique de Saint-Denis","metroLines":["13"],"rerLines":[]}},{"type":"Feature","geometry":{"type":"Point","coordinates":[2.3289937265186462,48.89750202792828]},"properties":{"stationId":"porte de saint-ouen::75056","name":"Porte de Saint-Ouen","metroLines":["13"],"rerLines":[]}},{"type":"Feature","geometry":{"type":"Point","coordinates":[2.2943823018215252,48.916602414858204]},"properties":{"stationId":"gabriel peri::92004","name":"Gabriel Péri","metroLines":["13"],"rerLines":[]}},{"type":"Feature","geometry":{"type":"Point","coordinates":[2.3139683794022816,48.89434480863555]},"properties":{"stationId":"porte de clichy::75056","name":"Porte de Clichy","metroLines":["13","14"],"rerLines":["C"]}},{"type":"Feature","geometry":{"type":"Point","coordinates":[2.3270284651928055,48.87964834246318]},"properties":{"stationId":"liege::75056","name":"Liège","metroLines":["13"],"rerLines":[]}},{"type":"Feature","geometry":{"type":"Point","coordinates":[2.3139491496518962,48.83174187790826]},"properties":{"stationId":"plaisance::75056","name":"Plaisance","metroLines":["13"],"rerLines":[]}},{"type":"Feature","geometry":{"type":"Point","coordinates":[2.3017311408055594,48.810764976012734]},"properties":{"stationId":"chatillon::92020","name":"Châtillon - Montrouge","metroLines":["13"],"rerLines":[]}},{"type":"Feature","geometry":{"type":"Point","coordinates":[2.3275171210567627,48.893019618601436]},"properties":{"stationId":"guy moquet::75056","name":"Guy Môquet","metroLines":["13"],"rerLines":[]}},{"type":"Feature","geometry":{"type":"Point","coordinates":[2.33361728780942,48.91165381444428]},"properties":{"stationId":"mairie de saint-ouen::93070","name":"Mairie de Saint-Ouen","metroLines":["13","14"],"rerLines":[]}},{"type":"Feature","geometry":{"type":"Point","coordinates":[2.3724254964052927,48.74684008073129]},"properties":{"stationId":"thiais::94073","name":"Thiais - Orly (Pont de Rungis)","metroLines":["14"],"rerLines":[]}},{"type":"Feature","geometry":{"type":"Point","coordinates":[2.3499807418843313,48.809957785893445]},"properties":{"stationId":"hopital bicetre::94043","name":"Hôpital Bicêtre","metroLines":["14"],"rerLines":[]}},{"type":"Feature","geometry":{"type":"Point","coordinates":[2.3587141217709267,48.82167894757382]},"properties":{"stationId":"maison blanche::75056","name":"Maison Blanche","metroLines":["7","14"],"rerLines":[]}},{"type":"Feature","geometry":{"type":"Point","coordinates":[2.315279502695077,48.88810289676569]},"properties":{"stationId":"pont cardinet::75056","name":"Pont Cardinet","metroLines":["14"],"rerLines":[]}},{"type":"Feature","geometry":{"type":"Point","coordinates":[2.3227035220854284,48.90498146147798]},"properties":{"stationId":"saint-ouen::93070","name":"Saint-Ouen","metroLines":["14"],"rerLines":["C"]}},{"type":"Feature","geometry":{"type":"Point","coordinates":[2.3865413797891235,48.83333465054678]},"properties":{"stationId":"cour saint-emilion::75056","name":"Cour Saint-Emilion","metroLines":["14"],"rerLines":[]}},{"type":"Feature","geometry":{"type":"Point","coordinates":[2.4044297638085546,48.87186551514999]},"properties":{"stationId":"saint-fargeau::75056","name":"Saint-Fargeau","metroLines":["3B"],"rerLines":[]}},{"type":"Feature","geometry":{"type":"Point","coordinates":[2.4015515768154527,48.868442677507154]},"properties":{"stationId":"pelleport::75056","name":"Pelleport","metroLines":["3B"],"rerLines":[]}},{"type":"Feature","geometry":{"type":"Point","coordinates":[2.3816013817737467,48.87846102976502]},"properties":{"stationId":"buttes chaumont::75056","name":"Buttes Chaumont","metroLines":["7B"],"rerLines":[]}},{"type":"Feature","geometry":{"type":"Point","coordinates":[2.3889045312503923,48.879485546434765]},"properties":{"stationId":"botzaris::75056","name":"Botzaris","metroLines":["7B"],"rerLines":[]}},{"type":"Feature","geometry":{"type":"Point","coordinates":[2.3706939085883936,48.882333511034595]},"properties":{"stationId":"jaures::75056","name":"Jaurès","metroLines":["2","5","7B"],"rerLines":[]}},{"type":"Feature","geometry":{"type":"Point","coordinates":[2.3645607656713086,48.88113161393328]},"properties":{"stationId":"louis blanc::75056","name":"Louis Blanc","metroLines":["7","7B"],"rerLines":[]}},{"type":"Feature","geometry":{"type":"Point","coordinates":[2.2500587372950065,48.88800894593748]},"properties":{"stationId":"esplanade de la defense::92062","name":"Esplanade de la Défense","metroLines":["1"],"rerLines":[]}},{"type":"Feature","geometry":{"type":"Point","coordinates":[2.3472832010131666,48.85924236251905]},"properties":{"stationId":"chatelet::75056","name":"Châtelet","metroLines":["1","4","7","11","14"],"rerLines":["A","B","D"]}},{"type":"Feature","geometry":{"type":"Point","coordinates":[2.3690484875422153,48.85291940963132]},"properties":{"stationId":"bastille::75056","name":"Bastille","metroLines":["1","5","8"],"rerLines":[]}},{"type":"Feature","geometry":{"type":"Point","coordinates":[2.428999555985439,48.84549960024882]},"properties":{"stationId":"berault::94080","name":"Bérault","metroLines":["1"],"rerLines":[]}},{"type":"Feature","geometry":{"type":"Point","coordinates":[2.386105075224701,48.847160087764536]},"properties":{"stationId":"reuilly::75056","name":"Reuilly - Diderot","metroLines":["1","8"],"rerLines":[]}},{"type":"Feature","geometry":{"type":"Point","coordinates":[2.3742805015167394,48.844569378992304]},"properties":{"stationId":"gare de lyon::75056","name":"Gare de Lyon","metroLines":["1","14"],"rerLines":["A","D"]}},{"type":"Feature","geometry":{"type":"Point","coordinates":[2.26070279695118,48.884657662190776]},"properties":{"stationId":"pont de neuilly::92051","name":"Pont de Neuilly","metroLines":["1"],"rerLines":[]}},{"type":"Feature","geometry":{"type":"Point","coordinates":[2.309412967374703,48.880568770126835]},"properties":{"stationId":"monceau::75056","name":"Monceau","metroLines":["2"],"rerLines":[]}},{"type":"Feature","geometry":{"type":"Point","coordinates":[2.3673527786697504,48.88425694634973]},"properties":{"stationId":"stalingrad::75056","name":"Stalingrad","metroLines":["2","5","7"],"rerLines":[]}},{"type":"Feature","geometry":{"type":"Point","coordinates":[2.3959922801327775,48.848221440454225]},"properties":{"stationId":"nation::75056","name":"Nation","metroLines":["1","2","6","9"],"rerLines":["A"]}},{"type":"Feature","geometry":{"type":"Point","coordinates":[2.3441548403302916,48.882868568843925]},"properties":{"stationId":"anvers::75056","name":"Anvers","metroLines":["2"],"rerLines":[]}},{"type":"Feature","geometry":{"type":"Point","coordinates":[2.321381575871181,48.88230097911558]},"properties":{"stationId":"rome::75056","name":"Rome","metroLines":["2"],"rerLines":[]}},{"type":"Feature","geometry":{"type":"Point","coordinates":[2.284896957846415,48.89221960150526]},"properties":{"stationId":"anatole france::92044","name":"Anatole France","metroLines":["3"],"rerLines":[]}},{"type":"Feature","geometry":{"type":"Point","coordinates":[2.315770821909462,48.8811864710656]},"properties":{"stationId":"villiers::75056","name":"Villiers","metroLines":["2","3"],"rerLines":[]}},{"type":"Feature","geometry":{"type":"Point","coordinates":[2.322240280585173,48.87876696184725]},"properties":{"stationId":"europe::75056","name":"Europe","metroLines":["3"],"rerLines":[]}},{"type":"Feature","geometry":{"type":"Point","coordinates":[2.356612246866714,48.86545755741835]},"properties":{"stationId":"arts et metiers::75056","name":"Arts et Métiers","metroLines":["3","11"],"rerLines":[]}},{"type":"Feature","geometry":{"type":"Point","coordinates":[2.363942172827965,48.867538691200146]},"properties":{"stationId":"republique::75056","name":"République","metroLines":["3","5","8","9","11"],"rerLines":[]}},{"type":"Feature","geometry":{"type":"Point","coordinates":[2.3747006366471757,48.86520268584962]},"properties":{"stationId":"parmentier::75056","name":"Parmentier","metroLines":["3"],"rerLines":[]}},{"type":"Feature","geometry":{"type":"Point","coordinates":[2.415925722835426,48.86526258059952]},"properties":{"stationId":"gallieni::93006","name":"Gallieni","metroLines":["3"],"rerLines":[]}},{"type":"Feature","geometry":{"type":"Point","coordinates":[2.3255585128676093,48.82340547688047]},"properties":{"stationId":"porte d'orleans::75056","name":"Porte d'Orléans","metroLines":["4"],"rerLines":[]}},{"type":"Feature","geometry":{"type":"Point","coordinates":[2.3305528355276968,48.83910287784467]},"properties":{"stationId":"raspail::75056","name":"Raspail","metroLines":["4","6"],"rerLines":[]}},{"type":"Feature","geometry":{"type":"Point","coordinates":[2.347296643347068,48.85492745529126]},"properties":{"stationId":"cite::75056","name":"Cité","metroLines":["4"],"rerLines":[]}},{"type":"Feature","geometry":{"type":"Point","coordinates":[2.353988155316658,48.86949945502999]},"properties":{"stationId":"strasbourg::75056","name":"Strasbourg - Saint-Denis","metroLines":["4","8","9"],"rerLines":[]}},{"type":"Feature","geometry":{"type":"Point","coordinates":[2.403163071828535,48.891392571651046]},"properties":{"stationId":"hoche::93055","name":"Hoche","metroLines":["5"],"rerLines":[]}},{"type":"Feature","geometry":{"type":"Point","coordinates":[2.3920918433350393,48.88849727447351]},"properties":{"stationId":"porte de pantin::75056","name":"Porte de Pantin","metroLines":["5"],"rerLines":[]}},{"type":"Feature","geometry":{"type":"Point","coordinates":[2.3569206536033227,48.88051630109843]},"properties":{"stationId":"gare du nord::75056","name":"Gare du Nord","metroLines":["4","5"],"rerLines":["B","D"]}},{"type":"Feature","geometry":{"type":"Point","coordinates":[2.3610777456486387,48.87064369715]},"properties":{"stationId":"jacques bonsergent::75056","name":"Jacques Bonsergent","metroLines":["5"],"rerLines":[]}},{"type":"Feature","geometry":{"type":"Point","coordinates":[2.3659387708439787,48.84645908984157]},"properties":{"stationId":"quai de la rapee::75056","name":"Quai de la Rapée","metroLines":["5"],"rerLines":[]}},{"type":"Feature","geometry":{"type":"Point","coordinates":[2.3702646767835276,48.856230932868456]},"properties":{"stationId":"breguet-sabin::75056","name":"Bréguet-Sabin","metroLines":["5"],"rerLines":[]}},{"type":"Feature","geometry":{"type":"Point","coordinates":[2.2900328376074373,48.8668483434173]},"properties":{"stationId":"boissiere::75056","name":"Boissière","metroLines":["6"],"rerLines":[]}},{"type":"Feature","geometry":{"type":"Point","coordinates":[2.3253307707761035,48.840941974013205]},"properties":{"stationId":"edgar quinet::75056","name":"Edgar Quinet","metroLines":["6"],"rerLines":[]}},{"type":"Feature","geometry":{"type":"Point","coordinates":[2.3371254549152516,48.83288661637968]},"properties":{"stationId":"saint-jacques::75056","name":"Saint-Jacques","metroLines":["6"],"rerLines":[]}},{"type":"Feature","geometry":{"type":"Point","coordinates":[2.372795631332857,48.83703845007442]},"properties":{"stationId":"quai de la gare::75056","name":"Quai de la Gare","metroLines":["6"],"rerLines":[]}},{"type":"Feature","geometry":{"type":"Point","coordinates":[2.362831064840564,48.83320844187159]},"properties":{"stationId":"nationale::75056","name":"Nationale","metroLines":["6"],"rerLines":[]}},{"type":"Feature","geometry":{"type":"Point","coordinates":[2.362201053591684,48.81026644046288]},"properties":{"stationId":"le kremlin-bicetre::94043","name":"Le Kremlin-Bicêtre","metroLines":["7"],"rerLines":[]}},{"type":"Feature","geometry":{"type":"Point","coordinates":[2.373716808722226,48.88813277829969]},"properties":{"stationId":"riquet::75056","name":"Riquet","metroLines":["7"],"rerLines":[]}},{"type":"Feature","geometry":{"type":"Point","coordinates":[2.357390130311683,48.85347342301278]},"properties":{"stationId":"pont marie (cite des arts)::75056","name":"Pont Marie (Cité des Arts)","metroLines":["7"],"rerLines":[]}},{"type":"Feature","geometry":{"type":"Point","coordinates":[2.361802453911785,48.85123966046862]},"properties":{"stationId":"sully::75056","name":"Sully - Morland","metroLines":["7"],"rerLines":[]}},{"type":"Feature","geometry":{"type":"Point","coordinates":[2.352080229377121,48.842674975013395]},"properties":{"stationId":"place monge::75056","name":"Place Monge","metroLines":["7"],"rerLines":[]}},{"type":"Feature","geometry":{"type":"Point","coordinates":[2.351560925100919,48.84024612835756]},"properties":{"stationId":"censier::75056","name":"Censier - Daubenton","metroLines":["7"],"rerLines":[]}},{"type":"Feature","geometry":{"type":"Point","coordinates":[2.3556475146317566,48.8311546176231]},"properties":{"stationId":"place d'italie::75056","name":"Place d'Italie","metroLines":["5","6","7"],"rerLines":[]}},{"type":"Feature","geometry":{"type":"Point","coordinates":[2.364651571525099,48.82009400919028]},"properties":{"stationId":"porte de choisy::75056","name":"Porte de Choisy","metroLines":["7"],"rerLines":[]}},{"type":"Feature","geometry":{"type":"Point","coordinates":[2.357168503475677,48.826145049548565]},"properties":{"stationId":"tolbiac::75056","name":"Tolbiac","metroLines":["7"],"rerLines":[]}},{"type":"Feature","geometry":{"type":"Point","coordinates":[2.376986898492186,48.890850052275226]},"properties":{"stationId":"crimee::75056","name":"Crimée","metroLines":["7"],"rerLines":[]}},{"type":"Feature","geometry":{"type":"Point","coordinates":[2.382291557164633,48.89467266005628]},"properties":{"stationId":"corentin cariou::75056","name":"Corentin Cariou","metroLines":["7"],"rerLines":[]}},{"type":"Feature","geometry":{"type":"Point","coordinates":[2.3922205712292195,48.90375706036556]},"properties":{"stationId":"aubervilliers::93055","name":"Aubervilliers - Pantin - Quatre Chemins","metroLines":["7"],"rerLines":[]}},{"type":"Feature","geometry":{"type":"Point","coordinates":[2.3958604771713907,48.83957982312875]},"properties":{"stationId":"daumesnil::75056","name":"Daumesnil","metroLines":["6","8"],"rerLines":[]}},{"type":"Feature","geometry":{"type":"Point","coordinates":[2.390460985030142,48.84403461549573]},"properties":{"stationId":"montgallet::75056","name":"Montgallet","metroLines":["8"],"rerLines":[]}},{"type":"Feature","geometry":{"type":"Point","coordinates":[2.376033068527142,48.85126525451053]},"properties":{"stationId":"ledru-rollin::75056","name":"Ledru-Rollin","metroLines":["8"],"rerLines":[]}},{"type":"Feature","geometry":{"type":"Point","coordinates":[2.3681583490755123,48.85709669535618]},"properties":{"stationId":"chemin vert::75056","name":"Chemin Vert","metroLines":["8"],"rerLines":[]}},{"type":"Feature","geometry":{"type":"Point","coordinates":[2.3667112771831733,48.86306520665217]},"properties":{"stationId":"filles du calvaire::75056","name":"Filles du Calvaire","metroLines":["8"],"rerLines":[]}},{"type":"Feature","geometry":{"type":"Point","coordinates":[2.3063933616253838,48.85489070785469]},"properties":{"stationId":"ecole militaire::75056","name":"École Militaire","metroLines":["8"],"rerLines":[]}},{"type":"Feature","geometry":{"type":"Point","coordinates":[2.293769591803878,48.844611351475216]},"properties":{"stationId":"commerce::75056","name":"Commerce","metroLines":["8"],"rerLines":[]}},{"type":"Feature","geometry":{"type":"Point","coordinates":[2.2917995150439356,48.8427155302701]},"properties":{"stationId":"felix faure::75056","name":"Félix Faure","metroLines":["8"],"rerLines":[]}},{"type":"Feature","geometry":{"type":"Point","coordinates":[2.2784360103081003,48.836659343558594]},"properties":{"stationId":"balard::75056","name":"Balard","metroLines":["8"],"rerLines":[]}},{"type":"Feature","geometry":{"type":"Point","coordinates":[2.3401829091941755,48.861105205124076]},"properties":{"stationId":"louvre::75056","name":"Louvre - Rivoli","metroLines":["1"],"rerLines":[]}},{"type":"Feature","geometry":{"type":"Point","coordinates":[2.419008290237386,48.846395818017456]},"properties":{"stationId":"saint-mande::94080","name":"Saint-Mandé","metroLines":["1"],"rerLines":[]}},{"type":"Feature","geometry":{"type":"Point","coordinates":[2.407987506633357,48.84732208657537]},"properties":{"stationId":"porte de vincennes::75056","name":"Porte de Vincennes","metroLines":["1"],"rerLines":[]}},{"type":"Feature","geometry":{"type":"Point","coordinates":[2.3003158877743135,48.87209812471422]},"properties":{"stationId":"george v::75056","name":"George V","metroLines":["1"],"rerLines":[]}},{"type":"Feature","geometry":{"type":"Point","coordinates":[2.295504131088663,48.87456429273926]},"properties":{"stationId":"charles de gaulle::75056","name":"Charles de Gaulle - Étoile","metroLines":["1","2","6"],"rerLines":["A"]}},{"type":"Feature","geometry":{"type":"Point","coordinates":[2.2370283575179295,48.89216699162139]},"properties":{"stationId":"la defense (grande arche)::92062","name":"La Défense (Grande Arche)","metroLines":["1"],"rerLines":[]}},{"type":"Feature","geometry":{"type":"Point","coordinates":[2.285865383267522,48.86989032700777]},"properties":{"stationId":"victor hugo::75056","name":"Victor Hugo","metroLines":["2"],"rerLines":[]}},{"type":"Feature","geometry":{"type":"Point","coordinates":[2.298113470407775,48.87821424184534]},"properties":{"stationId":"ternes::75056","name":"Ternes","metroLines":["2"],"rerLines":[]}},{"type":"Feature","geometry":{"type":"Point","coordinates":[2.370521838806761,48.877672577163494]},"properties":{"stationId":"colonel fabien::75056","name":"Colonel Fabien","metroLines":["2"],"rerLines":[]}},{"type":"Feature","geometry":{"type":"Point","coordinates":[2.380411328831147,48.86925693213847]},"properties":{"stationId":"couronnes::75056","name":"Couronnes","metroLines":["2"],"rerLines":[]}},{"type":"Feature","geometry":{"type":"Point","coordinates":[2.3834850285048974,48.866415153463564]},"properties":{"stationId":"menilmontant::75056","name":"Ménilmontant","metroLines":["2"],"rerLines":[]}},{"type":"Feature","geometry":{"type":"Point","coordinates":[2.350138989042999,48.88361391791003]},"properties":{"stationId":"barbes::75056","name":"Barbès - Rochechouart","metroLines":["2","4"],"rerLines":[]}},{"type":"Feature","geometry":{"type":"Point","coordinates":[2.2976921549253824,48.88488709368852]},"properties":{"stationId":"pereire::75056","name":"Pereire","metroLines":["3"],"rerLines":[]}},{"type":"Feature","geometry":{"type":"Point","coordinates":[2.3319027217615926,48.870806670614435]},"properties":{"stationId":"opera::75056","name":"Opéra","metroLines":["3","7","8"],"rerLines":[]}},{"type":"Feature","geometry":{"type":"Point","coordinates":[2.3869143437368017,48.86273534907119]},"properties":{"stationId":"pere lachaise::75056","name":"Père Lachaise","metroLines":["2","3"],"rerLines":[]}},{"type":"Feature","geometry":{"type":"Point","coordinates":[2.361575306429273,48.86672073081268]},"properties":{"stationId":"temple::75056","name":"Temple","metroLines":["3"],"rerLines":[]}},{"type":"Feature","geometry":{"type":"Point","coordinates":[2.3522675897712957,48.86619631628517]},"properties":{"stationId":"reaumur::75056","name":"Réaumur - Sébastopol","metroLines":["3","4"],"rerLines":[]}},{"type":"Feature","geometry":{"type":"Point","coordinates":[2.3406652568921062,48.86876579045145]},"properties":{"stationId":"bourse::75056","name":"Bourse","metroLines":["3"],"rerLines":[]}},{"type":"Feature","geometry":{"type":"Point","coordinates":[2.3094631286490457,48.88280165831574]},"properties":{"stationId":"malesherbes::75056","name":"Malesherbes","metroLines":["3"],"rerLines":[]}},{"type":"Feature","geometry":{"type":"Point","coordinates":[2.304649114155696,48.88380353314642]},"properties":{"stationId":"wagram::75056","name":"Wagram","metroLines":["3"],"rerLines":[]}},{"type":"Feature","geometry":{"type":"Point","coordinates":[2.288222927937356,48.88851619143403]},"properties":{"stationId":"louise michel::92044","name":"Louise Michel","metroLines":["3"],"rerLines":[]}},{"type":"Feature","geometry":{"type":"Point","coordinates":[2.2802419758439867,48.897207709932175]},"properties":{"stationId":"pont de levallois::92044","name":"Pont de Levallois - Bécon","metroLines":["3"],"rerLines":[]}},{"type":"Feature","geometry":{"type":"Point","coordinates":[2.347794968187123,48.8938152613519]},"properties":{"stationId":"simplon::75056","name":"Simplon","metroLines":["4"],"rerLines":[]}},{"type":"Feature","geometry":{"type":"Point","coordinates":[2.3439782280478325,48.85358950639147]},"properties":{"stationId":"saint-michel::75056","name":"Saint-Michel","metroLines":["4"],"rerLines":[]}},{"type":"Feature","geometry":{"type":"Point","coordinates":[2.3326087704165794,48.833924105438314]},"properties":{"stationId":"denfert-rochereau::75056","name":"Denfert-Rochereau","metroLines":["4","6"],"rerLines":["B"]}},{"type":"Feature","geometry":{"type":"Point","coordinates":[2.3298389941155806,48.831359797332574]},"properties":{"stationId":"mouton-duvernet::75056","name":"Mouton-Duvernet","metroLines":["4"],"rerLines":[]}},{"type":"Feature","geometry":{"type":"Point","coordinates":[2.3271429300068087,48.82817661096138]},"properties":{"stationId":"alesia::75056","name":"Alésia","metroLines":["4"],"rerLines":[]}},{"type":"Feature","geometry":{"type":"Point","coordinates":[2.319571617439263,48.818463178131836]},"properties":{"stationId":"mairie de montrouge::92049","name":"Mairie de Montrouge","metroLines":["4"],"rerLines":[]}},{"type":"Feature","geometry":{"type":"Point","coordinates":[2.3174789014519965,48.80353934589705]},"properties":{"stationId":"bagneux::92007","name":"Bagneux - Lucie Aubrac","metroLines":["4"],"rerLines":[]}},{"type":"Feature","geometry":{"type":"Point","coordinates":[2.328943385765137,48.84214720837221]},"properties":{"stationId":"vavin::75056","name":"Vavin","metroLines":["4"],"rerLines":[]}},{"type":"Feature","geometry":{"type":"Point","coordinates":[2.326952388869082,48.84702406259937]},"properties":{"stationId":"saint-placide::75056","name":"Saint-Placide","metroLines":["4"],"rerLines":[]}},{"type":"Feature","geometry":{"type":"Point","coordinates":[2.3307827518659985,48.851173608572935]},"properties":{"stationId":"saint-sulpice::75056","name":"Saint-Sulpice","metroLines":["4"],"rerLines":[]}},{"type":"Feature","geometry":{"type":"Point","coordinates":[2.355976595591061,48.872460003356586]},"properties":{"stationId":"chateau d'eau::75056","name":"Château d'Eau","metroLines":["4"],"rerLines":[]}},{"type":"Feature","geometry":{"type":"Point","coordinates":[2.34947388801525,48.887160404058235]},"properties":{"stationId":"chateau rouge::75056","name":"Château Rouge","metroLines":["4"],"rerLines":[]}},{"type":"Feature","geometry":{"type":"Point","coordinates":[2.426277595760804,48.89563789793626]},"properties":{"stationId":"bobigny-pantin::93008","name":"Bobigny-Pantin - Raymond Queneau","metroLines":["5"],"rerLines":[]}},{"type":"Feature","geometry":{"type":"Point","coordinates":[2.379351384185246,48.88516736748808]},"properties":{"stationId":"laumiere::75056","name":"Laumière","metroLines":["5"],"rerLines":[]}},{"type":"Feature","geometry":{"type":"Point","coordinates":[2.293236027618929,48.87139551248707]},"properties":{"stationId":"kleber::75056","name":"Kléber","metroLines":["6"],"rerLines":[]}},{"type":"Feature","geometry":{"type":"Point","coordinates":[2.287196076104388,48.863281294935874]},"properties":{"stationId":"trocadero::75056","name":"Trocadéro","metroLines":["6","9"],"rerLines":[]}},{"type":"Feature","geometry":{"type":"Point","coordinates":[2.2936502828934584,48.85039805601052]},"properties":{"stationId":"dupleix::75056","name":"Dupleix","metroLines":["6"],"rerLines":[]}},{"type":"Feature","geometry":{"type":"Point","coordinates":[2.389600270339502,48.83899381118711]},"properties":{"stationId":"dugommier::75056","name":"Dugommier","metroLines":["6"],"rerLines":[]}},{"type":"Feature","geometry":{"type":"Point","coordinates":[2.3434678646983462,48.831143091431144]},"properties":{"stationId":"glaciere::75056","name":"Glacière","metroLines":["6"],"rerLines":[]}},{"type":"Feature","geometry":{"type":"Point","coordinates":[2.3640001476533046,48.80436028965393]},"properties":{"stationId":"villejuif leo lagrange::94076","name":"Villejuif Léo Lagrange","metroLines":["7"],"rerLines":[]}},{"type":"Feature","geometry":{"type":"Point","coordinates":[2.3682635926948725,48.79631307769328]},"properties":{"stationId":"villejuif paul vaillant-couturier::94076","name":"Villejuif Paul Vaillant-Couturier","metroLines":["7"],"rerLines":[]}},{"type":"Feature","geometry":{"type":"Point","coordinates":[2.3585104645484893,48.79039667089569]},"properties":{"stationId":"villejuif::94076","name":"Villejuif - Louis Aragon","metroLines":["7","14"],"rerLines":[]}},{"type":"Feature","geometry":{"type":"Point","coordinates":[2.3921143824978492,48.90379699038963]},"properties":{"stationId":"aubervilliers::93001","name":"Aubervilliers - Pantin - Quatre Chemins","metroLines":["7"],"rerLines":[]}},{"type":"Feature","geometry":{"type":"Point","coordinates":[2.3487668713373564,48.8771222783804]},"properties":{"stationId":"poissonniere::75056","name":"Poissonnière","metroLines":["7"],"rerLines":[]}},{"type":"Feature","geometry":{"type":"Point","coordinates":[2.3401785095813556,48.874905599855836]},"properties":{"stationId":"le peletier::75056","name":"Le Peletier","metroLines":["7"],"rerLines":[]}},{"type":"Feature","geometry":{"type":"Point","coordinates":[2.359496128494856,48.81907044132315]},"properties":{"stationId":"porte d'italie::75056","name":"Porte d'Italie","metroLines":["7"],"rerLines":[]}},{"type":"Feature","geometry":{"type":"Point","coordinates":[2.3694031162714024,48.82142101194985]},"properties":{"stationId":"porte d'ivry::75056","name":"Porte d'Ivry","metroLines":["7"],"rerLines":[]}},{"type":"Feature","geometry":{"type":"Point","coordinates":[2.383498053635828,48.811210093393306]},"properties":{"stationId":"mairie d'ivry::94041","name":"Mairie d'Ivry","metroLines":["7"],"rerLines":[]}},{"type":"Feature","geometry":{"type":"Point","coordinates":[2.3773049285112235,48.81585703937133]},"properties":{"stationId":"pierre et marie curie::94041","name":"Pierre et Marie Curie","metroLines":["7"],"rerLines":[]}},{"type":"Feature","geometry":{"type":"Point","coordinates":[2.35247398363024,48.83586666451737]},"properties":{"stationId":"les gobelins::75056","name":"Les Gobelins","metroLines":["7"],"rerLines":[]}},{"type":"Feature","geometry":{"type":"Point","coordinates":[2.3361683633248553,48.86272206270061]},"properties":{"stationId":"palais royal::75056","name":"Palais Royal - Musée du Louvre","metroLines":["1","7"],"rerLines":[]}},{"type":"Feature","geometry":{"type":"Point","coordinates":[2.4064503453011463,48.82611425127182]},"properties":{"stationId":"liberte::94018","name":"Liberté","metroLines":["8"],"rerLines":[]}},{"type":"Feature","geometry":{"type":"Point","coordinates":[2.287856446222867,48.84107325733669]},"properties":{"stationId":"boucicaut::75056","name":"Boucicaut","metroLines":["8"],"rerLines":[]}},{"type":"Feature","geometry":{"type":"Point","coordinates":[2.338521740839731,48.87193875570684]},"properties":{"stationId":"richelieu::75056","name":"Richelieu - Drouot","metroLines":["8","9"],"rerLines":[]}},{"type":"Feature","geometry":{"type":"Point","coordinates":[2.422959010064412,48.855714211222676]},"properties":{"stationId":"robespierre::93048","name":"Robespierre","metroLines":["9"],"rerLines":[]}},{"type":"Feature","geometry":{"type":"Point","coordinates":[2.259737852678148,48.84260237076823]},"properties":{"stationId":"exelmans::75056","name":"Exelmans","metroLines":["9"],"rerLines":[]}},{"type":"Feature","geometry":{"type":"Point","coordinates":[2.230511894930625,48.82967822756477]},"properties":{"stationId":"pont de sevres::92012","name":"Pont de Sèvres","metroLines":["9"],"rerLines":[]}},{"type":"Feature","geometry":{"type":"Point","coordinates":[2.2627839029878993,48.84638503764534]},"properties":{"stationId":"michel-ange::75056","name":"Michel-Ange - Auteuil","metroLines":["9","10"],"rerLines":[]}},{"type":"Feature","geometry":{"type":"Point","coordinates":[2.2680761875840396,48.85244778328506]},"properties":{"stationId":"jasmin::75056","name":"Jasmin","metroLines":["9"],"rerLines":[]}},{"type":"Feature","geometry":{"type":"Point","coordinates":[2.3210225841060685,48.874589382533884]},"properties":{"stationId":"saint-augustin::75056","name":"Saint-Augustin","metroLines":["9"],"rerLines":[]}},{"type":"Feature","geometry":{"type":"Point","coordinates":[2.401170769368413,48.85176243983227]},"properties":{"stationId":"buzenval::75056","name":"Buzenval","metroLines":["9"],"rerLines":[]}},{"type":"Feature","geometry":{"type":"Point","coordinates":[2.31613381418222,48.847274115665726]},"properties":{"stationId":"duroc::75056","name":"Duroc","metroLines":["10","13"],"rerLines":[]}},{"type":"Feature","geometry":{"type":"Point","coordinates":[2.3071949620231282,48.84719683002449]},"properties":{"stationId":"segur::75056","name":"Ségur","metroLines":["10"],"rerLines":[]}},{"type":"Feature","geometry":{"type":"Point","coordinates":[2.295032489090349,48.84699762180346]},"properties":{"stationId":"avenue emile zola::75056","name":"Avenue Émile Zola","metroLines":["10"],"rerLines":[]}},{"type":"Feature","geometry":{"type":"Point","coordinates":[2.480609576580542,48.883048161423936]},"properties":{"stationId":"rosny-bois-perrier::93064","name":"Rosny-Bois-Perrier","metroLines":["11"],"rerLines":[]}},{"type":"Feature","geometry":{"type":"Point","coordinates":[2.393079452409435,48.87679530466304]},"properties":{"stationId":"place des fetes::75056","name":"Place des Fêtes","metroLines":["11","7B"],"rerLines":[]}},{"type":"Feature","geometry":{"type":"Point","coordinates":[2.3532739485947713,48.86119015695036]},"properties":{"stationId":"rambuteau::75056","name":"Rambuteau","metroLines":["11"],"rerLines":[]}},{"type":"Feature","geometry":{"type":"Point","coordinates":[2.427162415882436,48.881230552471564]},"properties":{"stationId":"serge gainsbourg::93045","name":"Serge Gainsbourg","metroLines":["11"],"rerLines":[]}},{"type":"Feature","geometry":{"type":"Point","coordinates":[2.3286303748633257,48.845079626856645]},"properties":{"stationId":"notre-dame-des-champs::75056","name":"Notre-Dame-des-Champs","metroLines":["12"],"rerLines":[]}},{"type":"Feature","geometry":{"type":"Point","coordinates":[2.3010261688903215,48.839487100921176]},"properties":{"stationId":"vaugirard::75056","name":"Vaugirard","metroLines":["12"],"rerLines":[]}},{"type":"Feature","geometry":{"type":"Point","coordinates":[2.287937327117777,48.83241052345399]},"properties":{"stationId":"porte de versailles::75056","name":"Porte de Versailles","metroLines":["12"],"rerLines":[]}},{"type":"Feature","geometry":{"type":"Point","coordinates":[2.2789586605256367,48.826823295159116]},"properties":{"stationId":"corentin celton::92040","name":"Corentin Celton","metroLines":["12"],"rerLines":[]}},{"type":"Feature","geometry":{"type":"Point","coordinates":[2.273559421058557,48.824254356777246]},"properties":{"stationId":"mairie d'issy::92040","name":"Mairie d'Issy","metroLines":["12"],"rerLines":[]}},{"type":"Feature","geometry":{"type":"Point","coordinates":[2.3598771806310284,48.89059343567693]},"properties":{"stationId":"marx dormoy::75056","name":"Marx Dormoy","metroLines":["12"],"rerLines":[]}},{"type":"Feature","geometry":{"type":"Point","coordinates":[2.284165344017275,48.93075079056953]},"properties":{"stationId":"asnieres::92036","name":"Asnières - Gennevilliers - Les Courtilles","metroLines":["13"],"rerLines":[]}},{"type":"Feature","geometry":{"type":"Point","coordinates":[2.3258477550778385,48.88694277616682]},"properties":{"stationId":"la fourche::75056","name":"La Fourche","metroLines":["13"],"rerLines":[]}},{"type":"Feature","geometry":{"type":"Point","coordinates":[2.314627178815676,48.87352768798355]},"properties":{"stationId":"miromesnil::75056","name":"Miromesnil","metroLines":["9","13"],"rerLines":[]}},{"type":"Feature","geometry":{"type":"Point","coordinates":[2.2976339022276395,48.818788260901506]},"properties":{"stationId":"malakoff::92046","name":"Malakoff - Rue Étienne Dolet","metroLines":["13"],"rerLines":[]}},{"type":"Feature","geometry":{"type":"Point","coordinates":[2.314115362573622,48.86751264473977]},"properties":{"stationId":"champs-elysees::75056","name":"Champs-Élysées - Clemenceau","metroLines":["1","13"],"rerLines":[]}},{"type":"Feature","geometry":{"type":"Point","coordinates":[2.3425462630524443,48.91901224436137]},"properties":{"stationId":"carrefour pleyel::93066","name":"Carrefour Pleyel","metroLines":["13"],"rerLines":[]}},{"type":"Feature","geometry":{"type":"Point","coordinates":[2.3550116213289796,48.775326574146334]},"properties":{"stationId":"l'hay-les-roses::94038","name":"L'Haÿ-les-Roses","metroLines":["14"],"rerLines":[]}},{"type":"Feature","geometry":{"type":"Point","coordinates":[2.366978696236366,48.827033798236215]},"properties":{"stationId":"olympiades::75056","name":"Olympiades","metroLines":["14"],"rerLines":[]}},{"type":"Feature","geometry":{"type":"Point","coordinates":[2.379298145360986,48.840152688285734]},"properties":{"stationId":"bercy::75056","name":"Bercy","metroLines":["6","14"],"rerLines":[]}},{"type":"Feature","geometry":{"type":"Point","coordinates":[2.334518015249716,48.8658178943533]},"properties":{"stationId":"pyramides::75056","name":"Pyramides","metroLines":["7","14"],"rerLines":[]}},{"type":"Feature","geometry":{"type":"Point","coordinates":[2.397946647884832,48.86498012948854]},"properties":{"stationId":"gambetta::75056","name":"Gambetta","metroLines":["3","3B"],"rerLines":[]}},{"type":"Feature","geometry":{"type":"Point","coordinates":[2.4067646481995375,48.87691786435206]},"properties":{"stationId":"porte des lilas::75056","name":"Porte des Lilas","metroLines":["11","3B"],"rerLines":[]}},{"type":"Feature","geometry":{"type":"Point","coordinates":[2.213536495127317,48.90112974604822]},"properties":{"stationId":"nanterre universite::92050","name":"Nanterre Université","metroLines":[],"rerLines":["A"]}},{"type":"Feature","geometry":{"type":"Point","coordinates":[2.4638739495546496,48.82119737360793]},"properties":{"stationId":"joinville-le-pont::94042","name":"Joinville-le-Pont","metroLines":[],"rerLines":["A"]}},{"type":"Feature","geometry":{"type":"Point","coordinates":[2.5488073205108335,48.84088515401643]},"properties":{"stationId":"noisy-le-grand::93051","name":"Noisy-le-Grand - Mont d'Est","metroLines":[],"rerLines":["A"]}},{"type":"Feature","geometry":{"type":"Point","coordinates":[2.3296591495793595,48.872348840718196]},"properties":{"stationId":"auber::75056","name":"Auber","metroLines":[],"rerLines":["A"]}},{"type":"Feature","geometry":{"type":"Point","coordinates":[2.1446722659338855,48.94574060746957]},"properties":{"stationId":"maisons-laffitte::78358","name":"Maisons-Laffitte","metroLines":[],"rerLines":["A"]}},{"type":"Feature","geometry":{"type":"Point","coordinates":[2.071385742904064,48.702732696472715]},"properties":{"stationId":"saint-remy-les-chevreuse::78575","name":"Saint-Rémy-lès-Chevreuse","metroLines":[],"rerLines":["B"]}},{"type":"Feature","geometry":{"type":"Point","coordinates":[2.1808087044597166,48.6975077019159]},"properties":{"stationId":"orsay ville::91471","name":"Orsay Ville","metroLines":[],"rerLines":["B"]}},{"type":"Feature","geometry":{"type":"Point","coordinates":[2.2414567726260346,48.712507088322866]},"properties":{"stationId":"palaiseau::91477","name":"Palaiseau - Villebon","metroLines":[],"rerLines":["B"]}},{"type":"Feature","geometry":{"type":"Point","coordinates":[2.4021146457693026,48.92163795937847]},"properties":{"stationId":"la courneuve::93027","name":"La Courneuve - Aubervilliers","metroLines":["7"],"rerLines":["B"]}},{"type":"Feature","geometry":{"type":"Point","coordinates":[2.495597257086315,48.932150935734064]},"properties":{"stationId":"aulnay-sous-bois::93005","name":"Aulnay-sous-Bois","metroLines":[],"rerLines":["B"]}},{"type":"Feature","geometry":{"type":"Point","coordinates":[2.603220561532749,48.95316214687084]},"properties":{"stationId":"villeparisis::77294","name":"Villeparisis - Mitry-le-Neuf","metroLines":[],"rerLines":["B"]}},{"type":"Feature","geometry":{"type":"Point","coordinates":[2.2412169696111426,48.58599680822646]},"properties":{"stationId":"arpajon::91021","name":"Arpajon","metroLines":[],"rerLines":["C"]}},{"type":"Feature","geometry":{"type":"Point","coordinates":[2.128124092657316,49.0341234164973]},"properties":{"stationId":"saint-ouen-l'aumone liesse::95572","name":"Saint-Ouen-l'Aumône Liesse","metroLines":[],"rerLines":["C"]}},{"type":"Feature","geometry":{"type":"Point","coordinates":[2.044615988930814,48.78748491597792]},"properties":{"stationId":"saint-quentin en yvelines::78423","name":"Saint-Quentin en Yvelines - Montigny-le-Bretonneux","metroLines":[],"rerLines":["C"]}},{"type":"Feature","geometry":{"type":"Point","coordinates":[2.2747712644338454,48.86985281215763]},"properties":{"stationId":"avenue foch::75056","name":"Avenue Foch","metroLines":[],"rerLines":["C"]}},{"type":"Feature","geometry":{"type":"Point","coordinates":[2.403668724287269,48.71266832171659]},"properties":{"stationId":"athis-mons::91027","name":"Athis-Mons","metroLines":[],"rerLines":["C"]}},{"type":"Feature","geometry":{"type":"Point","coordinates":[2.17158260741522,48.800665521455045]},"properties":{"stationId":"viroflay rive gauche::78686","name":"Viroflay Rive Gauche","metroLines":[],"rerLines":["C"]}},{"type":"Feature","geometry":{"type":"Point","coordinates":[2.4174549898851208,48.74520105223681]},"properties":{"stationId":"les saules::94054","name":"Les Saules","metroLines":[],"rerLines":["C"]}},{"type":"Feature","geometry":{"type":"Point","coordinates":[2.492424499497774,48.56619819315809]},"properties":{"stationId":"le coudray-montceaux::91179","name":"Le Coudray-Montceaux","metroLines":[],"rerLines":["D"]}},{"type":"Feature","geometry":{"type":"Point","coordinates":[2.5426100742385285,48.56502608446919]},"properties":{"stationId":"saint-fargeau::77407","name":"Saint-Fargeau","metroLines":[],"rerLines":["D"]}},{"type":"Feature","geometry":{"type":"Point","coordinates":[2.3767454804181263,48.43442542513416]},"properties":{"stationId":"boutigny::91099","name":"Boutigny","metroLines":[],"rerLines":["D"]}},{"type":"Feature","geometry":{"type":"Point","coordinates":[2.3700930488013845,48.53101531216478]},"properties":{"stationId":"ballancourt::91045","name":"Ballancourt","metroLines":[],"rerLines":["D"]}},{"type":"Feature","geometry":{"type":"Point","coordinates":[2.65469836071817,48.527491277248295]},"properties":{"stationId":"melun::77288","name":"Melun","metroLines":[],"rerLines":["D"]}},{"type":"Feature","geometry":{"type":"Point","coordinates":[2.5946150549367304,48.56486314053174]},"properties":{"stationId":"cesson::77067","name":"Cesson","metroLines":[],"rerLines":["D"]}},{"type":"Feature","geometry":{"type":"Point","coordinates":[2.435315840251248,48.771254072297346]},"properties":{"stationId":"creteil pompadour::94028","name":"Créteil Pompadour","metroLines":[],"rerLines":["D"]}},{"type":"Feature","geometry":{"type":"Point","coordinates":[2.3703314284767747,48.96277628555098]},"properties":{"stationId":"pierrefitte::93066","name":"Pierrefitte - Stains","metroLines":[],"rerLines":["D"]}},{"type":"Feature","geometry":{"type":"Point","coordinates":[2.4625658079312593,49.02341075826703]},"properties":{"stationId":"goussainville::95280","name":"Goussainville","metroLines":[],"rerLines":["D"]}},{"type":"Feature","geometry":{"type":"Point","coordinates":[2.7589013341652717,48.739445157221006]},"properties":{"stationId":"tournan::77470","name":"Tournan","metroLines":[],"rerLines":["E"]}},{"type":"Feature","geometry":{"type":"Point","coordinates":[2.727167738339898,48.74645539980236]},"properties":{"stationId":"gretz-armainvilliers::77215","name":"Gretz-Armainvilliers","metroLines":[],"rerLines":["E"]}},{"type":"Feature","geometry":{"type":"Point","coordinates":[2.328646179742093,48.874998862001185]},"properties":{"stationId":"haussmann saint-lazare::75056","name":"Haussmann Saint-Lazare","metroLines":[],"rerLines":["E"]}},{"type":"Feature","geometry":{"type":"Point","coordinates":[2.358695908637114,48.88081039411524]},"properties":{"stationId":"magenta::75056","name":"Magenta","metroLines":[],"rerLines":["E"]}},{"type":"Feature","geometry":{"type":"Point","coordinates":[2.5527724908646303,48.877159125382796]},"properties":{"stationId":"le chenay gagny::93032","name":"Le Chénay Gagny","metroLines":[],"rerLines":["E"]}},{"type":"Feature","geometry":{"type":"Point","coordinates":[2.3892673369434028,48.85229134830575]},"properties":{"stationId":"rue des boulets::75056","name":"Rue des Boulets","metroLines":["9"],"rerLines":[]}},{"type":"Feature","geometry":{"type":"Point","coordinates":[2.3100694526443215,48.87215474055668]},"properties":{"stationId":"saint-philippe-du-roule::75056","name":"Saint-Philippe-du-Roule","metroLines":["9"],"rerLines":[]}},{"type":"Feature","geometry":{"type":"Point","coordinates":[2.2938853112706887,48.864732930773066]},"properties":{"stationId":"iena::75056","name":"Iéna","metroLines":["9"],"rerLines":[]}},{"type":"Feature","geometry":{"type":"Point","coordinates":[2.2435256313384713,48.83370054471864]},"properties":{"stationId":"marcel sembat::92012","name":"Marcel Sembat","metroLines":["9"],"rerLines":[]}},{"type":"Feature","geometry":{"type":"Point","coordinates":[2.4358546126745826,48.857992585158016]},"properties":{"stationId":"croix de chavaux::93048","name":"Croix de Chavaux","metroLines":["9"],"rerLines":[]}},{"type":"Feature","geometry":{"type":"Point","coordinates":[2.3212894797753383,48.848797538444856]},"properties":{"stationId":"vaneau::75056","name":"Vaneau","metroLines":["10"],"rerLines":[]}},{"type":"Feature","geometry":{"type":"Point","coordinates":[2.2691113890218917,48.84714336145718]},"properties":{"stationId":"eglise d'auteuil::75056","name":"Église d'Auteuil","metroLines":["10"],"rerLines":[]}},{"type":"Feature","geometry":{"type":"Point","coordinates":[2.26690547594029,48.84508829917885]},"properties":{"stationId":"chardon-lagache::75056","name":"Chardon-Lagache","metroLines":["10"],"rerLines":[]}},{"type":"Feature","geometry":{"type":"Point","coordinates":[2.389325378910096,48.875247348641416]},"properties":{"stationId":"jourdain::75056","name":"Jourdain","metroLines":["11"],"rerLines":[]}},{"type":"Feature","geometry":{"type":"Point","coordinates":[2.3591761998052796,48.89740653215938]},"properties":{"stationId":"porte de la chapelle::75056","name":"Porte de la Chapelle","metroLines":["12"],"rerLines":[]}},{"type":"Feature","geometry":{"type":"Point","coordinates":[2.3443200293804827,48.892492268201934]},"properties":{"stationId":"jules joffrin::75056","name":"Jules Joffrin","metroLines":["12"],"rerLines":[]}},{"type":"Feature","geometry":{"type":"Point","coordinates":[2.3378871955229856,48.87603960305532]},"properties":{"stationId":"notre-dame-de-lorette::75056","name":"Notre-Dame-de-Lorette","metroLines":["12"],"rerLines":[]}},{"type":"Feature","geometry":{"type":"Point","coordinates":[2.325686328475464,48.855880105243784]},"properties":{"stationId":"rue du bac::75056","name":"Rue du Bac","metroLines":["12"],"rerLines":[]}},{"type":"Feature","geometry":{"type":"Point","coordinates":[2.3265000550457824,48.851299095736245]},"properties":{"stationId":"sevres::75056","name":"Sèvres - Babylone","metroLines":["10","12"],"rerLines":[]}},{"type":"Feature","geometry":{"type":"Point","coordinates":[2.3175299735405357,48.84438051774564]},"properties":{"stationId":"falguiere::75056","name":"Falguière","metroLines":["12"],"rerLines":[]}},{"type":"Feature","geometry":{"type":"Point","coordinates":[2.365784600591292,48.906713625476044]},"properties":{"stationId":"front populaire::93066","name":"Front Populaire","metroLines":["12"],"rerLines":[]}},{"type":"Feature","geometry":{"type":"Point","coordinates":[2.3275917189846527,48.88346805226212]},"properties":{"stationId":"place de clichy::75056","name":"Place de Clichy","metroLines":["2","13"],"rerLines":[]}},{"type":"Feature","geometry":{"type":"Point","coordinates":[2.3144599698447905,48.85194458329256]},"properties":{"stationId":"saint-francois-xavier::75056","name":"Saint-François-Xavier","metroLines":["13"],"rerLines":[]}},{"type":"Feature","geometry":{"type":"Point","coordinates":[2.3179809867411985,48.83386497450687]},"properties":{"stationId":"pernety::75056","name":"Pernety","metroLines":["13"],"rerLines":[]}},{"type":"Feature","geometry":{"type":"Point","coordinates":[2.304777811318302,48.82738089966813]},"properties":{"stationId":"porte de vanves::75056","name":"Porte de Vanves","metroLines":["13"],"rerLines":[]}},{"type":"Feature","geometry":{"type":"Point","coordinates":[2.331540464523039,48.90524589595874]},"properties":{"stationId":"garibaldi::93070","name":"Garibaldi","metroLines":["13"],"rerLines":[]}},{"type":"Feature","geometry":{"type":"Point","coordinates":[2.367408556705862,48.75848823845207]},"properties":{"stationId":"chevilly-larue (marche international)::94021","name":"Chevilly-Larue (Marché International)","metroLines":["14"],"rerLines":[]}},{"type":"Feature","geometry":{"type":"Point","coordinates":[2.398580770693528,48.8801595806643]},"properties":{"stationId":"pre-saint-gervais::75056","name":"Pré-Saint-Gervais","metroLines":["7B"],"rerLines":[]}},{"type":"Feature","geometry":{"type":"Point","coordinates":[2.374138505943147,48.8807897342535]},"properties":{"stationId":"bolivar::75056","name":"Bolivar","metroLines":["7B"],"rerLines":[]}},{"type":"Feature","geometry":{"type":"Point","coordinates":[2.272290618824008,48.88100089872812]},"properties":{"stationId":"les sablons::92051","name":"Les Sablons","metroLines":["1"],"rerLines":[]}},{"type":"Feature","geometry":{"type":"Point","coordinates":[2.3608778355567166,48.855236846299434]},"properties":{"stationId":"saint-paul (le marais)::75056","name":"Saint-Paul (Le Marais)","metroLines":["1"],"rerLines":[]}},{"type":"Feature","geometry":{"type":"Point","coordinates":[2.438792280541146,48.84466007577258]},"properties":{"stationId":"chateau de vincennes::94080","name":"Château de Vincennes","metroLines":["1"],"rerLines":[]}},{"type":"Feature","geometry":{"type":"Point","coordinates":[2.2901217407362946,48.875329698621464]},"properties":{"stationId":"argentine::75056","name":"Argentine","metroLines":["1"],"rerLines":[]}},{"type":"Feature","geometry":{"type":"Point","coordinates":[2.3324843754343627,48.88376635447715]},"properties":{"stationId":"blanche::75056","name":"Blanche","metroLines":["2"],"rerLines":[]}},{"type":"Feature","geometry":{"type":"Point","coordinates":[2.3604172527181175,48.88443144713121]},"properties":{"stationId":"la chapelle::75056","name":"La Chapelle","metroLines":["2"],"rerLines":[]}},{"type":"Feature","geometry":{"type":"Point","coordinates":[2.390522651148931,48.858132274698306]},"properties":{"stationId":"philippe auguste::75056","name":"Philippe Auguste","metroLines":["2"],"rerLines":[]}},{"type":"Feature","geometry":{"type":"Point","coordinates":[2.394652076213803,48.85622188788925]},"properties":{"stationId":"alexandre dumas::75056","name":"Alexandre Dumas","metroLines":["2"],"rerLines":[]}},{"type":"Feature","geometry":{"type":"Point","coordinates":[2.3981270975794575,48.851632500828394]},"properties":{"stationId":"avron::75056","name":"Avron","metroLines":["2"],"rerLines":[]}},{"type":"Feature","geometry":{"type":"Point","coordinates":[2.3362986889601727,48.86962750925171]},"properties":{"stationId":"quatre septembre::75056","name":"Quatre Septembre","metroLines":["3"],"rerLines":[]}},{"type":"Feature","geometry":{"type":"Point","coordinates":[2.3400783018688722,48.85206276351346]},"properties":{"stationId":"odeon::75056","name":"Odéon","metroLines":["4","10"],"rerLines":[]}},{"type":"Feature","geometry":{"type":"Point","coordinates":[2.3460665308684954,48.86251574998404]},"properties":{"stationId":"les halles::75056","name":"Les Halles","metroLines":["4"],"rerLines":[]}},{"type":"Feature","geometry":{"type":"Point","coordinates":[2.3489761968791085,48.86370301202431]},"properties":{"stationId":"etienne marcel::75056","name":"Etienne Marcel","metroLines":["4"],"rerLines":[]}},{"type":"Feature","geometry":{"type":"Point","coordinates":[2.4491642390524158,48.90636616456843]},"properties":{"stationId":"bobigny::93008","name":"Bobigny - Pablo Picasso","metroLines":["5"],"rerLines":[]}},{"type":"Feature","geometry":{"type":"Point","coordinates":[2.4130972766523064,48.8932043341331]},"properties":{"stationId":"eglise de pantin::93055","name":"Église de Pantin","metroLines":["5"],"rerLines":[]}},{"type":"Feature","geometry":{"type":"Point","coordinates":[2.3607287266526984,48.83850798652465]},"properties":{"stationId":"saint-marcel::75056","name":"Saint-Marcel","metroLines":["5"],"rerLines":[]}},{"type":"Feature","geometry":{"type":"Point","coordinates":[2.3866642761809373,48.8870329280158]},"properties":{"stationId":"ourcq::75056","name":"Ourcq","metroLines":["5"],"rerLines":[]}},{"type":"Feature","geometry":{"type":"Point","coordinates":[2.426308679232036,48.89560207433252]},"properties":{"stationId":"bobigny-pantin::93055","name":"Bobigny-Pantin - Raymond Queneau","metroLines":["5"],"rerLines":[]}},{"type":"Feature","geometry":{"type":"Point","coordinates":[2.28934854734903,48.85390482281953]},"properties":{"stationId":"bir-hakeim::75056","name":"Bir-Hakeim","metroLines":["6"],"rerLines":[]}},{"type":"Feature","geometry":{"type":"Point","coordinates":[2.3680882033727064,48.8349541249987]},"properties":{"stationId":"chevaleret::75056","name":"Chevaleret","metroLines":["6"],"rerLines":[]}},{"type":"Feature","geometry":{"type":"Point","coordinates":[2.3029202576267167,48.847518254603955]},"properties":{"stationId":"cambronne::75056","name":"Cambronne","metroLines":["6"],"rerLines":[]}},{"type":"Feature","geometry":{"type":"Point","coordinates":[2.385823925139694,48.89783393703324]},"properties":{"stationId":"porte de la villette::75056","name":"Porte de la Villette","metroLines":["7"],"rerLines":[]}},{"type":"Feature","geometry":{"type":"Point","coordinates":[2.362031514557011,48.87844602475876]},"properties":{"stationId":"chateau landon::75056","name":"Château Landon","metroLines":["7"],"rerLines":[]}},{"type":"Feature","geometry":{"type":"Point","coordinates":[2.344415096740965,48.87600583260344]},"properties":{"stationId":"cadet::75056","name":"Cadet","metroLines":["7"],"rerLines":[]}},{"type":"Feature","geometry":{"type":"Point","coordinates":[2.3417428361760093,48.85850118519015]},"properties":{"stationId":"pont neuf::75056","name":"Pont Neuf","metroLines":["7"],"rerLines":[]}},{"type":"Feature","geometry":{"type":"Point","coordinates":[2.46430375327102,48.768756806477086]},"properties":{"stationId":"pointe du lac::94028","name":"Pointe du Lac","metroLines":["8"],"rerLines":[]}},{"type":"Feature","geometry":{"type":"Point","coordinates":[2.413845973313661,48.821368317609746]},"properties":{"stationId":"charenton::94018","name":"Charenton - Écoles","metroLines":["8"],"rerLines":[]}},{"type":"Feature","geometry":{"type":"Point","coordinates":[2.402442424195971,48.83352981878659]},"properties":{"stationId":"porte de charenton::75056","name":"Porte de Charenton","metroLines":["8"],"rerLines":[]}},{"type":"Feature","geometry":{"type":"Point","coordinates":[2.3672479102023622,48.860968073629905]},"properties":{"stationId":"saint-sebastien::75056","name":"Saint-Sébastien - Froissart","metroLines":["8"],"rerLines":[]}},{"type":"Feature","geometry":{"type":"Point","coordinates":[2.310531162905486,48.857698126549295]},"properties":{"stationId":"la tour-maubourg::75056","name":"La Tour-Maubourg","metroLines":["8"],"rerLines":[]}},{"type":"Feature","geometry":{"type":"Point","coordinates":[2.2821389157268257,48.8387232013397]},"properties":{"stationId":"lourmel::75056","name":"Lourmel","metroLines":["8"],"rerLines":[]}},{"type":"Feature","geometry":{"type":"Point","coordinates":[2.069088468619773,48.535687624993614]},"properties":{"stationId":"sermaise::91593","name":"Sermaise","metroLines":[],"rerLines":["C"]}},{"type":"Feature","geometry":{"type":"Point","coordinates":[1.996005688002604,48.53542058733677]},"properties":{"stationId":"dourdan la foret::91200","name":"Dourdan la Forêt","metroLines":[],"rerLines":["C"]}},{"type":"Feature","geometry":{"type":"Point","coordinates":[2.072712440765476,48.79877460471833]},"properties":{"stationId":"saint-cyr::78545","name":"Saint-Cyr","metroLines":[],"rerLines":["C"]}},{"type":"Feature","geometry":{"type":"Point","coordinates":[2.257017857907824,48.985149200200375]},"properties":{"stationId":"cernay::95219","name":"Cernay","metroLines":[],"rerLines":["C"]}},{"type":"Feature","geometry":{"type":"Point","coordinates":[2.307982254553742,48.93282405536431]},"properties":{"stationId":"gennevilliers::92036","name":"Gennevilliers","metroLines":[],"rerLines":["C"]}},{"type":"Feature","geometry":{"type":"Point","coordinates":[2.2992286819828145,48.88602700780433]},"properties":{"stationId":"pereire levallois::75056","name":"Péreire Levallois","metroLines":[],"rerLines":["C"]}},{"type":"Feature","geometry":{"type":"Point","coordinates":[2.274806827480264,48.856981095562965]},"properties":{"stationId":"boulainvilliers::75056","name":"Boulainvilliers","metroLines":[],"rerLines":["C"]}},{"type":"Feature","geometry":{"type":"Point","coordinates":[2.130150772175517,48.79991350059487]},"properties":{"stationId":"versailles chateau rive gauche::78646","name":"Versailles Château Rive Gauche","metroLines":[],"rerLines":["C"]}},{"type":"Feature","geometry":{"type":"Point","coordinates":[2.1522340489858127,48.79654475986442]},"properties":{"stationId":"porchefontaine::78646","name":"Porchefontaine","metroLines":[],"rerLines":["C"]}},{"type":"Feature","geometry":{"type":"Point","coordinates":[2.3003592740110994,48.86247496310803]},"properties":{"stationId":"pont de l'alma::75056","name":"Pont de l'Alma","metroLines":[],"rerLines":["C"]}},{"type":"Feature","geometry":{"type":"Point","coordinates":[2.57179291425262,48.52985734002498]},"properties":{"stationId":"boissise-le-roi::77040","name":"Boissise-le-Roi","metroLines":[],"rerLines":["D"]}},{"type":"Feature","geometry":{"type":"Point","coordinates":[2.4010364417288774,48.293633291470464]},"properties":{"stationId":"malesherbes::45191","name":"Malesherbes","metroLines":[],"rerLines":["D"]}},{"type":"Feature","geometry":{"type":"Point","coordinates":[2.4411710355785274,48.63014046991947]},"properties":{"stationId":"evry::91228","name":"Évry - Val de Seine","metroLines":[],"rerLines":["D"]}},{"type":"Feature","geometry":{"type":"Point","coordinates":[2.387021960013403,48.67590783936994]},"properties":{"stationId":"viry-chatillon::91687","name":"Viry-Châtillon","metroLines":[],"rerLines":["D"]}},{"type":"Feature","geometry":{"type":"Point","coordinates":[2.413499342148242,48.70808932141768]},"properties":{"stationId":"vigneux-sur-seine::91657","name":"Vigneux-sur-Seine","metroLines":[],"rerLines":["D"]}},{"type":"Feature","geometry":{"type":"Point","coordinates":[2.5069908684194053,49.1261949449139]},"properties":{"stationId":"la borne blanche (gare)::60482","name":"La Borne Blanche (Gare)","metroLines":[],"rerLines":["D"]}},{"type":"Feature","geometry":{"type":"Point","coordinates":[2.5068503123113692,48.698914475306886]},"properties":{"stationId":"brunoy::91114","name":"Brunoy","metroLines":[],"rerLines":["D"]}},{"type":"Feature","geometry":{"type":"Point","coordinates":[2.461377446437224,48.70871108366713]},"properties":{"stationId":"montgeron::91421","name":"Montgeron - Crosne","metroLines":[],"rerLines":["D"]}},{"type":"Feature","geometry":{"type":"Point","coordinates":[2.650530702348584,48.79563367624288]},"properties":{"stationId":"roissy-en-brie::77390","name":"Roissy-en-Brie","metroLines":[],"rerLines":["E"]}},{"type":"Feature","geometry":{"type":"Point","coordinates":[2.5799804563719477,48.82311348135466]},"properties":{"stationId":"les yvris noisy-le-grand::93051","name":"Les Yvris Noisy-le-Grand","metroLines":[],"rerLines":["E"]}},{"type":"Feature","geometry":{"type":"Point","coordinates":[2.4857557993217947,48.87007067367753]},"properties":{"stationId":"rosny-sous-bois::93064","name":"Rosny-sous-Bois","metroLines":[],"rerLines":["E"]}},{"type":"Feature","geometry":{"type":"Point","coordinates":[2.226568794458685,48.897581324774116]},"properties":{"stationId":"nanterre-la-folie::92050","name":"Nanterre-La-Folie","metroLines":[],"rerLines":["E"]}},{"type":"Feature","geometry":{"type":"Point","coordinates":[2.5254046016945138,48.883728731604535]},"properties":{"stationId":"gagny::93032","name":"Gagny","metroLines":[],"rerLines":["E"]}},{"type":"Feature","geometry":{"type":"Point","coordinates":[2.19511769490499,48.89501972616058]},"properties":{"stationId":"nanterre ville::92050","name":"Nanterre Ville","metroLines":[],"rerLines":["A"]}},{"type":"Feature","geometry":{"type":"Point","coordinates":[2.1559376624708975,48.88519702561107]},"properties":{"stationId":"chatou::78146","name":"Chatou - Croissy","metroLines":[],"rerLines":["A"]}},{"type":"Feature","geometry":{"type":"Point","coordinates":[2.095041912326374,48.898745300550765]},"properties":{"stationId":"saint-germain-en-laye::78551","name":"Saint-Germain-en-Laye","metroLines":[],"rerLines":["A"]}},{"type":"Feature","geometry":{"type":"Point","coordinates":[2.7724268942340276,48.85484622851565]},"properties":{"stationId":"val d'europe::77111","name":"Val d'Europe","metroLines":[],"rerLines":["A"]}},{"type":"Feature","geometry":{"type":"Point","coordinates":[2.7103828395096956,48.83671337078136]},"properties":{"stationId":"bussy-saint-georges::77058","name":"Bussy-Saint-Georges","metroLines":[],"rerLines":["A"]}},{"type":"Feature","geometry":{"type":"Point","coordinates":[2.655169106193295,48.83971015133779]},"properties":{"stationId":"torcy::77468","name":"Torcy","metroLines":[],"rerLines":["A"]}},{"type":"Feature","geometry":{"type":"Point","coordinates":[2.633026934567703,48.839255049438655]},"properties":{"stationId":"lognes::77258","name":"Lognes","metroLines":[],"rerLines":["A"]}},{"type":"Feature","geometry":{"type":"Point","coordinates":[2.525670945020106,48.845137476280854]},"properties":{"stationId":"bry-sur-marne::94015","name":"Bry-sur-Marne","metroLines":[],"rerLines":["A"]}},{"type":"Feature","geometry":{"type":"Point","coordinates":[2.4325836014183,48.84734683460296]},"properties":{"stationId":"vincennes::94080","name":"Vincennes","metroLines":[],"rerLines":["A"]}},{"type":"Feature","geometry":{"type":"Point","coordinates":[2.2229862429913676,48.895886773064674]},"properties":{"stationId":"nanterre prefecture::92050","name":"Nanterre Préfecture","metroLines":[],"rerLines":["A"]}},{"type":"Feature","geometry":{"type":"Point","coordinates":[2.011579068023536,49.04823262405815]},"properties":{"stationId":"cergy le haut::95127","name":"Cergy le Haut","metroLines":[],"rerLines":["A"]}},{"type":"Feature","geometry":{"type":"Point","coordinates":[2.040804469960689,48.93324983956547]},"properties":{"stationId":"poissy::78498","name":"Poissy","metroLines":[],"rerLines":["A"]}},{"type":"Feature","geometry":{"type":"Point","coordinates":[2.281364769669608,48.78023982792202]},"properties":{"stationId":"robinson::92071","name":"Robinson","metroLines":[],"rerLines":["B"]}},{"type":"Feature","geometry":{"type":"Point","coordinates":[2.2979282159439305,48.781307920937515]},"properties":{"stationId":"sceaux::92071","name":"Sceaux","metroLines":[],"rerLines":["B"]}},{"type":"Feature","geometry":{"type":"Point","coordinates":[2.5247262164471342,48.94700236504643]},"properties":{"stationId":"sevran beaudottes::93071","name":"Sevran Beaudottes","metroLines":[],"rerLines":["B"]}},{"type":"Feature","geometry":{"type":"Point","coordinates":[2.512783848981341,48.96256540760733]},"properties":{"stationId":"villepinte::93078","name":"Villepinte","metroLines":[],"rerLines":["B"]}},{"type":"Feature","geometry":{"type":"Point","coordinates":[2.1516106103390045,48.695299548452454]},"properties":{"stationId":"la hacquiniere::91122","name":"La Hacquinière","metroLines":[],"rerLines":["B"]}},{"type":"Feature","geometry":{"type":"Point","coordinates":[2.2959559818374013,48.74304953436299]},"properties":{"stationId":"fontaine michalon::92002","name":"Fontaine Michalon","metroLines":[],"rerLines":["B"]}},{"type":"Feature","geometry":{"type":"Point","coordinates":[2.328093276131277,48.79869767228883]},"properties":{"stationId":"arcueil::94016","name":"Arcueil - Cachan","metroLines":[],"rerLines":["B"]}},{"type":"Feature","geometry":{"type":"Point","coordinates":[2.3388576809777035,48.82150600684166]},"properties":{"stationId":"cite universitaire::75056","name":"Cité Universitaire","metroLines":[],"rerLines":["B"]}},{"type":"Feature","geometry":{"type":"Point","coordinates":[2.3398088878203698,48.84543177842458]},"properties":{"stationId":"luxembourg::75056","name":"Luxembourg","metroLines":[],"rerLines":["B"]}},{"type":"Feature","geometry":{"type":"Point","coordinates":[2.362459916604931,48.918076675621]},"properties":{"stationId":"la plaine stade de france::93066","name":"La Plaine Stade de France","metroLines":[],"rerLines":["B"]}},{"type":"Feature","geometry":{"type":"Point","coordinates":[2.5663968806983126,48.944091645418105]},"properties":{"stationId":"vert galant::93078","name":"Vert Galant","metroLines":[],"rerLines":["B"]}},{"type":"Feature","geometry":{"type":"Point","coordinates":[2.2824322609853405,48.877784022042356]},"properties":{"stationId":"porte maillot::75056","name":"Porte Maillot","metroLines":["1"],"rerLines":[]}},{"type":"Feature","geometry":{"type":"Point","coordinates":[2.329075576533719,48.864690306389]},"properties":{"stationId":"tuileries::75056","name":"Tuileries","metroLines":["1"],"rerLines":[]}},{"type":"Feature","geometry":{"type":"Point","coordinates":[2.309643521162093,48.86888541773639]},"properties":{"stationId":"franklin d. roosevelt::75056","name":"Franklin D. Roosevelt","metroLines":["1","9"],"rerLines":[]}},{"type":"Feature","geometry":{"type":"Point","coordinates":[2.250112376589758,48.88807223539219]},"properties":{"stationId":"esplanade de la defense::92026","name":"Esplanade de la Défense","metroLines":["1"],"rerLines":[]}},{"type":"Feature","geometry":{"type":"Point","coordinates":[2.3032943624252122,48.87926525411311]},"properties":{"stationId":"courcelles::75056","name":"Courcelles","metroLines":["2"],"rerLines":[]}},{"type":"Feature","geometry":{"type":"Point","coordinates":[2.2919803147477458,48.885694329909555]},"properties":{"stationId":"porte de champerret::75056","name":"Porte de Champerret","metroLines":["3"],"rerLines":[]}},{"type":"Feature","geometry":{"type":"Point","coordinates":[2.380473183106445,48.8640905417235]},"properties":{"stationId":"rue saint-maur::75056","name":"Rue Saint-Maur","metroLines":["3"],"rerLines":[]}},{"type":"Feature","geometry":{"type":"Point","coordinates":[2.408788815134894,48.86443387140319]},"properties":{"stationId":"porte de bagnolet::75056","name":"Porte de Bagnolet","metroLines":["3"],"rerLines":[]}},{"type":"Feature","geometry":{"type":"Point","coordinates":[2.3174583168386667,48.809794517716256]},"properties":{"stationId":"barbara::92007","name":"Barbara","metroLines":["4"],"rerLines":[]}},{"type":"Feature","geometry":{"type":"Point","coordinates":[2.344685686142838,48.89754170634836]},"properties":{"stationId":"porte de clignancourt::75056","name":"Porte de Clignancourt","metroLines":["4"],"rerLines":[]}},{"type":"Feature","geometry":{"type":"Point","coordinates":[2.3094986889083584,48.84561602643414]},"properties":{"stationId":"sevres-lecourbe::75056","name":"Sèvres-Lecourbe","metroLines":["6"],"rerLines":[]}},{"type":"Feature","geometry":{"type":"Point","coordinates":[2.400867131995259,48.84142733223358]},"properties":{"stationId":"bel-air::75056","name":"Bel-Air","metroLines":["6"],"rerLines":[]}},{"type":"Feature","geometry":{"type":"Point","coordinates":[2.350611225926166,48.82986001331238]},"properties":{"stationId":"corvisart::75056","name":"Corvisart","metroLines":["6"],"rerLines":[]}},{"type":"Feature","geometry":{"type":"Point","coordinates":[2.2857098244884675,48.85752330962036]},"properties":{"stationId":"passy::75056","name":"Passy","metroLines":["6"],"rerLines":[]}},{"type":"Feature","geometry":{"type":"Point","coordinates":[2.4041315995335246,48.914732203978005]},"properties":{"stationId":"fort d'aubervilliers::93001","name":"Fort d'Aubervilliers","metroLines":["7"],"rerLines":[]}},{"type":"Feature","geometry":{"type":"Point","coordinates":[2.405811647193832,48.83504179727976]},"properties":{"stationId":"porte doree::75056","name":"Porte Dorée","metroLines":["8"],"rerLines":[]}},{"type":"Feature","geometry":{"type":"Point","coordinates":[2.348249878548578,48.850152580292225]},"properties":{"stationId":"maubert::75056","name":"Maubert - Mutualité","metroLines":["10"],"rerLines":[]}},{"type":"Feature","geometry":{"type":"Point","coordinates":[2.4406836345689067,48.88363272273923]},"properties":{"stationId":"romainville::93063","name":"Romainville - Carnot","metroLines":["11"],"rerLines":[]}},{"type":"Feature","geometry":{"type":"Point","coordinates":[2.385043436659136,48.873815722549054]},"properties":{"stationId":"pyrenees::75056","name":"Pyrénées","metroLines":["11"],"rerLines":[]}},{"type":"Feature","geometry":{"type":"Point","coordinates":[2.37092163624415,48.86997187050149]},"properties":{"stationId":"goncourt::75056","name":"Goncourt","metroLines":["11"],"rerLines":[]}},{"type":"Feature","geometry":{"type":"Point","coordinates":[2.3808168612986567,48.91373490586491]},"properties":{"stationId":"mairie d'aubervilliers::93001","name":"Mairie d'Aubervilliers","metroLines":["12"],"rerLines":[]}},{"type":"Feature","geometry":{"type":"Point","coordinates":[2.320632758170991,48.86109699480345]},"properties":{"stationId":"assemblee nationale::75056","name":"Assemblée Nationale","metroLines":["12"],"rerLines":[]}},{"type":"Feature","geometry":{"type":"Point","coordinates":[2.3230894762750274,48.85854101968514]},"properties":{"stationId":"solferino::75056","name":"Solférino","metroLines":["12"],"rerLines":[]}},{"type":"Feature","geometry":{"type":"Point","coordinates":[2.3150079185294556,48.856395040439864]},"properties":{"stationId":"varenne::75056","name":"Varenne","metroLines":["13"],"rerLines":[]}},{"type":"Feature","geometry":{"type":"Point","coordinates":[2.3224608222684937,48.838756029099834]},"properties":{"stationId":"gaite::75056","name":"Gaîté","metroLines":["13"],"rerLines":[]}},{"type":"Feature","geometry":{"type":"Point","coordinates":[2.3624861480179247,48.72767871852949]},"properties":{"stationId":"aeroport d'orly::91479","name":"Aéroport d'Orly","metroLines":["14"],"rerLines":[]}},{"type":"Feature","geometry":{"type":"Point","coordinates":[2.393228471227492,48.88194921492064]},"properties":{"stationId":"danube::75056","name":"Danube","metroLines":["7B"],"rerLines":[]}},{"type":"Feature","geometry":{"type":"Point","coordinates":[2.266215906699314,48.59111916474817]},"properties":{"stationId":"la norville::91457","name":"La Norville - Saint-Germain-lès-Arpajon","metroLines":[],"rerLines":["C"]}},{"type":"Feature","geometry":{"type":"Point","coordinates":[2.1922487394356454,48.57760979436327]},"properties":{"stationId":"breuillet::91105","name":"Breuillet - Bruyères-le-Châtel","metroLines":[],"rerLines":["C"]}},{"type":"Feature","geometry":{"type":"Point","coordinates":[2.1249767315730463,48.550937745357075]},"properties":{"stationId":"saint-cheron::91540","name":"Saint-Chéron","metroLines":[],"rerLines":["C"]}},{"type":"Feature","geometry":{"type":"Point","coordinates":[2.105230857870794,49.04530690087292]},"properties":{"stationId":"saint-ouen-l'aumone::95572","name":"Saint-Ouen-l'Aumône","metroLines":[],"rerLines":["C"]}},{"type":"Feature","geometry":{"type":"Point","coordinates":[2.2900778137432436,48.53290340283496]},"properties":{"stationId":"bouray::91330","name":"Bouray","metroLines":[],"rerLines":["C"]}},{"type":"Feature","geometry":{"type":"Point","coordinates":[2.255014220399748,48.520620553497956]},"properties":{"stationId":"lardy::91330","name":"Lardy","metroLines":[],"rerLines":["C"]}},{"type":"Feature","geometry":{"type":"Point","coordinates":[2.145258831307165,48.42748765080825]},"properties":{"stationId":"saint-martin d'etampes::91223","name":"Saint-Martin d'Étampes","metroLines":[],"rerLines":["C"]}},{"type":"Feature","geometry":{"type":"Point","coordinates":[2.2341907839306554,48.99374640051787]},"properties":{"stationId":"franconville::95252","name":"Franconville - Le Plessis-Bouchard","metroLines":[],"rerLines":["C"]}},{"type":"Feature","geometry":{"type":"Point","coordinates":[2.2707541014797794,48.98049890628609]},"properties":{"stationId":"ermont::95219","name":"Ermont - Eaubonne","metroLines":[],"rerLines":["C"]}},{"type":"Feature","geometry":{"type":"Point","coordinates":[2.302388375122374,48.95382604164122]},"properties":{"stationId":"epinay-sur-seine::93031","name":"Épinay-sur-Seine","metroLines":[],"rerLines":["C"]}},{"type":"Feature","geometry":{"type":"Point","coordinates":[2.279679454187814,48.85352548506894]},"properties":{"stationId":"avenue du president kennedy maison de radio france::75056","name":"Avenue du Président Kennedy Maison de Radio France","metroLines":[],"rerLines":["C"]}},{"type":"Feature","geometry":{"type":"Point","coordinates":[2.4198671478914595,48.72578126379895]},"properties":{"stationId":"ablon::94001","name":"Ablon","metroLines":[],"rerLines":["C"]}},{"type":"Feature","geometry":{"type":"Point","coordinates":[2.3068029676156123,48.635615525211605]},"properties":{"stationId":"saint-michel-sur-orge::91570","name":"Saint-Michel-sur-Orge","metroLines":[],"rerLines":["C"]}},{"type":"Feature","geometry":{"type":"Point","coordinates":[2.3019573828860596,48.60664906621052]},"properties":{"stationId":"bretigny::91103","name":"Brétigny","metroLines":[],"rerLines":["C"]}},{"type":"Feature","geometry":{"type":"Point","coordinates":[2.2704701876900395,48.83888336270874]},"properties":{"stationId":"pont du garigliano::75056","name":"Pont du Garigliano - Hôpital Européen G. Pompidou","metroLines":[],"rerLines":["C"]}},{"type":"Feature","geometry":{"type":"Point","coordinates":[2.40269438767449,48.80028105254759]},"properties":{"stationId":"vitry-sur-seine::94081","name":"Vitry-sur-Seine","metroLines":[],"rerLines":["C"]}},{"type":"Feature","geometry":{"type":"Point","coordinates":[2.409587305033223,48.78248922625494]},"properties":{"stationId":"les ardoines::94081","name":"Les Ardoines","metroLines":[],"rerLines":["C"]}},{"type":"Feature","geometry":{"type":"Point","coordinates":[2.461533386360794,48.592814943454]},"properties":{"stationId":"villabe::91659","name":"Villabé","metroLines":[],"rerLines":["D"]}},{"type":"Feature","geometry":{"type":"Point","coordinates":[2.4795222910084975,48.57358727886637]},"properties":{"stationId":"le plessis chenet::91179","name":"Le Plessis Chenet","metroLines":[],"rerLines":["D"]}},{"type":"Feature","geometry":{"type":"Point","coordinates":[2.5994097381795305,48.51507609100275]},"properties":{"stationId":"vosves::77152","name":"Vosves","metroLines":[],"rerLines":["D"]}},{"type":"Feature","geometry":{"type":"Point","coordinates":[2.3872541083159335,48.37149489082515]},"properties":{"stationId":"buno::91121","name":"Buno - Gironville","metroLines":[],"rerLines":["D"]}},{"type":"Feature","geometry":{"type":"Point","coordinates":[2.4319348900260658,48.57054850948166]},"properties":{"stationId":"mennecy::91386","name":"Mennecy","metroLines":[],"rerLines":["D"]}},{"type":"Feature","geometry":{"type":"Point","coordinates":[2.473444919964576,48.58688228073328]},"properties":{"stationId":"moulin galant::91174","name":"Moulin Galant","metroLines":[],"rerLines":["D"]}},{"type":"Feature","geometry":{"type":"Point","coordinates":[2.414997460834355,48.659057463386254]},"properties":{"stationId":"ris-orangis::91521","name":"Ris-Orangis","metroLines":[],"rerLines":["D"]}},{"type":"Feature","geometry":{"type":"Point","coordinates":[2.489862086302069,49.13840546145438]},"properties":{"stationId":"orry-la-ville::60482","name":"Orry-la-Ville - Coye","metroLines":[],"rerLines":["D"]}},{"type":"Feature","geometry":{"type":"Point","coordinates":[2.6255537322060074,48.538746730738936]},"properties":{"stationId":"le mee::77285","name":"Le Mée","metroLines":[],"rerLines":["D"]}},{"type":"Feature","geometry":{"type":"Point","coordinates":[2.5839359760934313,48.59548998563483]},"properties":{"stationId":"savigny-le-temple::77445","name":"Savigny-le-Temple - Nandy","metroLines":[],"rerLines":["D"]}},{"type":"Feature","geometry":{"type":"Point","coordinates":[2.5476998823085504,48.667819721800015]},"properties":{"stationId":"combs-la-ville::77122","name":"Combs-la-Ville - Quincy","metroLines":[],"rerLines":["D"]}},{"type":"Feature","geometry":{"type":"Point","coordinates":[2.533195809235637,48.68087387117553]},"properties":{"stationId":"boussy-saint-antoine::91097","name":"Boussy-Saint-Antoine","metroLines":[],"rerLines":["D"]}},{"type":"Feature","geometry":{"type":"Point","coordinates":[2.690116190500944,48.77076716837013]},"properties":{"stationId":"ozoir-la-ferriere::77350","name":"Ozoir-la-Ferrière","metroLines":[],"rerLines":["E"]}},{"type":"Feature","geometry":{"type":"Point","coordinates":[2.618502939849115,48.80587944608123]},"properties":{"stationId":"emerainville::77169","name":"Émerainville - Pontault-Combault","metroLines":[],"rerLines":["E"]}},{"type":"Feature","geometry":{"type":"Point","coordinates":[2.511990843607618,48.82486398816196]},"properties":{"stationId":"les boullereaux champigny::94017","name":"Les Boullereaux Champigny","metroLines":[],"rerLines":["E"]}},{"type":"Feature","geometry":{"type":"Point","coordinates":[2.4811863962676766,48.88258632328664]},"properties":{"stationId":"rosny bois perrier::93064","name":"Rosny Bois Perrier","metroLines":[],"rerLines":["E"]}},{"type":"Feature","geometry":{"type":"Point","coordinates":[2.5130610056844116,48.8888544132907]},"properties":{"stationId":"le raincy::93077","name":"Le Raincy - Villemomble - Montfermeil","metroLines":[],"rerLines":["E"]}},{"type":"Feature","geometry":{"type":"Point","coordinates":[2.1282331111627224,48.8940435513294]},"properties":{"stationId":"le vesinet::78650","name":"Le Vésinet - Centre","metroLines":[],"rerLines":["A"]}},{"type":"Feature","geometry":{"type":"Point","coordinates":[2.510538043646919,48.80682309456137]},"properties":{"stationId":"champigny::94068","name":"Champigny","metroLines":[],"rerLines":["A"]}},{"type":"Feature","geometry":{"type":"Point","coordinates":[2.616660606000051,48.84351408493866]},"properties":{"stationId":"noisiel::77337","name":"Noisiel","metroLines":[],"rerLines":["A"]}},{"type":"Feature","geometry":{"type":"Point","coordinates":[2.238418596250407,48.892229801568206]},"properties":{"stationId":"la defense::92062","name":"La Défense","metroLines":[],"rerLines":["A","E"]}},{"type":"Feature","geometry":{"type":"Point","coordinates":[2.0746499245710193,48.991156287258484]},"properties":{"stationId":"conflans fin d'oise::78172","name":"Conflans Fin d'Oise","metroLines":[],"rerLines":["A"]}},{"type":"Feature","geometry":{"type":"Point","coordinates":[2.5145512908225953,48.97356812654279]},"properties":{"stationId":"parc des expositions::93078","name":"Parc des Expositions","metroLines":[],"rerLines":["B"]}},{"type":"Feature","geometry":{"type":"Point","coordinates":[2.5614121946317394,49.00979397116337]},"properties":{"stationId":"aeroport cdg 1 (terminal 3)::93073","name":"Aéroport CDG 1 (Terminal 3) - RER","metroLines":[],"rerLines":["B"]}},{"type":"Feature","geometry":{"type":"Point","coordinates":[2.300890371505836,48.754632057173126]},"properties":{"stationId":"antony::92002","name":"Antony","metroLines":[],"rerLines":["B"]}},{"type":"Feature","geometry":{"type":"Point","coordinates":[2.309934691589042,48.769718949712896]},"properties":{"stationId":"parc de sceaux::92002","name":"Parc de Sceaux","metroLines":[],"rerLines":["B"]}},{"type":"Feature","geometry":{"type":"Point","coordinates":[2.312278311834309,48.78026436884244]},"properties":{"stationId":"bourg-la-reine::92014","name":"Bourg-la-Reine","metroLines":[],"rerLines":["B"]}},{"type":"Feature","geometry":{"type":"Point","coordinates":[2.340926830790754,48.815228092611335]},"properties":{"stationId":"gentilly::94037","name":"Gentilly","metroLines":[],"rerLines":["B"]}},{"type":"Feature","geometry":{"type":"Point","coordinates":[2.3371383995944486,48.840064350218256]},"properties":{"stationId":"port royal::75056","name":"Port Royal","metroLines":[],"rerLines":["B"]}},{"type":"Feature","geometry":{"type":"Point","coordinates":[2.6422341369736606,48.9757479508066]},"properties":{"stationId":"mitry::77294","name":"Mitry - Claye","metroLines":[],"rerLines":["B"]}},{"type":"Feature","geometry":{"type":"Point","coordinates":[2.4387524697059666,48.84456096014731]},"properties":{"stationId":"chateau de vincennes::75056","name":"Château de Vincennes","metroLines":["1"],"rerLines":[]}},{"type":"Feature","geometry":{"type":"Point","coordinates":[2.2777210335666034,48.87156595561161]},"properties":{"stationId":"porte dauphine::75056","name":"Porte Dauphine","metroLines":["2"],"rerLines":[]}},{"type":"Feature","geometry":{"type":"Point","coordinates":[2.347533763379889,48.867315017977134]},"properties":{"stationId":"sentier::75056","name":"Sentier","metroLines":["3"],"rerLines":[]}},{"type":"Feature","geometry":{"type":"Point","coordinates":[2.33396761996621,48.85362413862782]},"properties":{"stationId":"saint-germain-des-pres::75056","name":"Saint-Germain-des-Prés","metroLines":["4"],"rerLines":[]}},{"type":"Feature","geometry":{"type":"Point","coordinates":[2.371881885282108,48.85986830265463]},"properties":{"stationId":"richard-lenoir::75056","name":"Richard-Lenoir","metroLines":["5"],"rerLines":[]}},{"type":"Feature","geometry":{"type":"Point","coordinates":[2.3586053956692963,48.83556918249131]},"properties":{"stationId":"campo-formio::75056","name":"Campo-Formio","metroLines":["5"],"rerLines":[]}},{"type":"Feature","geometry":{"type":"Point","coordinates":[2.4012614041381015,48.845060462352265]},"properties":{"stationId":"picpus::75056","name":"Picpus","metroLines":["6"],"rerLines":[]}},{"type":"Feature","geometry":{"type":"Point","coordinates":[2.2582723316093656,48.848016492411986]},"properties":{"stationId":"porte d'auteuil::75056","name":"Porte d'Auteuil","metroLines":["10"],"rerLines":[]}},{"type":"Feature","geometry":{"type":"Point","coordinates":[2.4673990524359377,48.88210429294412]},"properties":{"stationId":"coteaux beauclair::93064","name":"Coteaux Beauclair","metroLines":["11"],"rerLines":[]}},{"type":"Feature","geometry":{"type":"Point","coordinates":[2.4651563455784005,48.87808331706366]},"properties":{"stationId":"la dhuys::93064","name":"La Dhuys","metroLines":["11"],"rerLines":[]}},{"type":"Feature","geometry":{"type":"Point","coordinates":[2.454682210916966,48.87833284108111]},"properties":{"stationId":"montreuil::93053","name":"Montreuil - Hôpital","metroLines":["11"],"rerLines":[]}},{"type":"Feature","geometry":{"type":"Point","coordinates":[2.465116181953647,48.8780111916913]},"properties":{"stationId":"la dhuys::93048","name":"La Dhuys","metroLines":["11"],"rerLines":[]}},{"type":"Feature","geometry":{"type":"Point","coordinates":[2.008756915662106,48.53376051220457]},"properties":{"stationId":"dourdan::91200","name":"Dourdan","metroLines":[],"rerLines":["C"]}},{"type":"Feature","geometry":{"type":"Point","coordinates":[2.159819133907717,48.437062675829104]},"properties":{"stationId":"etampes::91223","name":"Étampes","metroLines":[],"rerLines":["C"]}},{"type":"Feature","geometry":{"type":"Point","coordinates":[2.285777828585351,48.963658273529425]},"properties":{"stationId":"saint-gratien::95555","name":"Saint-Gratien","metroLines":[],"rerLines":["C"]}},{"type":"Feature","geometry":{"type":"Point","coordinates":[2.2722351438875577,48.86545537297977]},"properties":{"stationId":"avenue henri martin::75056","name":"Avenue Henri Martin","metroLines":[],"rerLines":["C"]}},{"type":"Feature","geometry":{"type":"Point","coordinates":[2.426423645047488,48.73968685807613]},"properties":{"stationId":"villeneuve-le-roi::94077","name":"Villeneuve-le-Roi","metroLines":[],"rerLines":["C"]}},{"type":"Feature","geometry":{"type":"Point","coordinates":[2.3523541804056833,48.67639468866699]},"properties":{"stationId":"savigny-sur-orge::91589","name":"Savigny-sur-Orge","metroLines":[],"rerLines":["C"]}},{"type":"Feature","geometry":{"type":"Point","coordinates":[2.1834187943404744,48.79968116446791]},"properties":{"stationId":"chaville::78686","name":"Chaville - Vélizy","metroLines":[],"rerLines":["C"]}},{"type":"Feature","geometry":{"type":"Point","coordinates":[2.2409419171683633,48.807552358196936]},"properties":{"stationId":"meudon val fleury::92048","name":"Meudon Val Fleury","metroLines":[],"rerLines":["C"]}},{"type":"Feature","geometry":{"type":"Point","coordinates":[2.2896562493865478,48.8564765666592]},"properties":{"stationId":"champ de mars tour eiffel::75056","name":"Champ de Mars Tour Eiffel","metroLines":[],"rerLines":["C"]}},{"type":"Feature","geometry":{"type":"Point","coordinates":[2.326623034830927,48.860365575927474]},"properties":{"stationId":"musee d'orsay::75056","name":"Musée d'Orsay","metroLines":[],"rerLines":["C"]}},{"type":"Feature","geometry":{"type":"Point","coordinates":[2.391677280020743,48.8139591342409]},"properties":{"stationId":"ivry-sur-seine::94041","name":"Ivry-sur-Seine","metroLines":[],"rerLines":["C"]}},{"type":"Feature","geometry":{"type":"Point","coordinates":[2.4030548924063897,48.74163230680523]},"properties":{"stationId":"orly ville::94054","name":"Orly Ville","metroLines":[],"rerLines":["C"]}},{"type":"Feature","geometry":{"type":"Point","coordinates":[2.373209854795934,48.74834625868034]},"properties":{"stationId":"pont de rungis aeroport d'orly::94073","name":"Pont de Rungis Aéroport d'Orly","metroLines":[],"rerLines":["C"]}},{"type":"Feature","geometry":{"type":"Point","coordinates":[2.3126496863919335,48.747936542587276]},"properties":{"stationId":"chemin d'antony::92002","name":"Chemin d'Antony","metroLines":[],"rerLines":["C"]}},{"type":"Feature","geometry":{"type":"Point","coordinates":[2.378618440416535,48.341208632507616]},"properties":{"stationId":"boigneville::91069","name":"Boigneville","metroLines":[],"rerLines":["D"]}},{"type":"Feature","geometry":{"type":"Point","coordinates":[2.352260197381972,48.4855007310595]},"properties":{"stationId":"la ferte-alais::91047","name":"La Ferté-Alais","metroLines":[],"rerLines":["D"]}},{"type":"Feature","geometry":{"type":"Point","coordinates":[2.4348387319350167,48.64880840591746]},"properties":{"stationId":"grand bourg::91521","name":"Grand Bourg","metroLines":[],"rerLines":["D"]}},{"type":"Feature","geometry":{"type":"Point","coordinates":[2.40769076622141,48.6363396147683]},"properties":{"stationId":"orangis bois de l'epine::91521","name":"Orangis Bois de l'Épine","metroLines":[],"rerLines":["D"]}},{"type":"Feature","geometry":{"type":"Point","coordinates":[2.477713962139221,49.03307204384692]},"properties":{"stationId":"les noues::95280","name":"Les Noues","metroLines":[],"rerLines":["D"]}},{"type":"Feature","geometry":{"type":"Point","coordinates":[2.5018113143714777,49.04933726826723]},"properties":{"stationId":"louvres::95351","name":"Louvres","metroLines":[],"rerLines":["D"]}},{"type":"Feature","geometry":{"type":"Point","coordinates":[2.525517836696695,49.09951161811565]},"properties":{"stationId":"survilliers::95250","name":"Survilliers - Fosses","metroLines":[],"rerLines":["D"]}},{"type":"Feature","geometry":{"type":"Point","coordinates":[2.4595159140085237,49.187030004663995]},"properties":{"stationId":"chantilly::60141","name":"Chantilly - Gouvieux","metroLines":[],"rerLines":["D"]}},{"type":"Feature","geometry":{"type":"Point","coordinates":[2.46892902764167,49.264185555044406]},"properties":{"stationId":"creil::60175","name":"Creil","metroLines":[],"rerLines":["D"]}},{"type":"Feature","geometry":{"type":"Point","coordinates":[2.446304786739812,48.730080267741016]},"properties":{"stationId":"villeneuve-saint-georges::94078","name":"Villeneuve-Saint-Georges","metroLines":[],"rerLines":["D"]}},{"type":"Feature","geometry":{"type":"Point","coordinates":[2.4162467958973055,48.99377204005172]},"properties":{"stationId":"villiers-le-bel::95019","name":"Villiers-le-Bel - Gonesse - Arnouville","metroLines":[],"rerLines":["D"]}},{"type":"Feature","geometry":{"type":"Point","coordinates":[2.4939549579206104,48.839991175687295]},"properties":{"stationId":"nogent::94052","name":"Nogent - Le Perreux","metroLines":[],"rerLines":["E"]}},{"type":"Feature","geometry":{"type":"Point","coordinates":[2.4795800358385867,48.893965864676495]},"properties":{"stationId":"bondy::93010","name":"Bondy","metroLines":[],"rerLines":["E"]}},{"type":"Feature","geometry":{"type":"Point","coordinates":[2.5833806594500697,48.87411948897062]},"properties":{"stationId":"chelles::77108","name":"Chelles - Gournay","metroLines":[],"rerLines":["E"]}},{"type":"Feature","geometry":{"type":"Point","coordinates":[2.172366417897185,48.88767250064626]},"properties":{"stationId":"rueil-malmaison::92063","name":"Rueil-Malmaison","metroLines":[],"rerLines":["A"]}},{"type":"Feature","geometry":{"type":"Point","coordinates":[2.463537806527943,48.8437885964859]},"properties":{"stationId":"fontenay-sous-bois::94033","name":"Fontenay-sous-Bois","metroLines":[],"rerLines":["A"]}},{"type":"Feature","geometry":{"type":"Point","coordinates":[2.471683791180998,48.834306538503405]},"properties":{"stationId":"nogent-sur-marne::94052","name":"Nogent-sur-Marne","metroLines":[],"rerLines":["A"]}},{"type":"Feature","geometry":{"type":"Point","coordinates":[2.5074994611650823,48.77206393780998]},"properties":{"stationId":"sucy::94071","name":"Sucy - Bonneuil","metroLines":[],"rerLines":["A"]}},{"type":"Feature","geometry":{"type":"Point","coordinates":[2.504498176690716,48.752267307821874]},"properties":{"stationId":"boissy-saint-leger::94004","name":"Boissy-Saint-Léger","metroLines":[],"rerLines":["A"]}},{"type":"Feature","geometry":{"type":"Point","coordinates":[2.7824826512673546,48.86979506673141]},"properties":{"stationId":"marne-la-vallee chessy::77111","name":"Marne-la-Vallée Chessy","metroLines":[],"rerLines":["A"]}},{"type":"Feature","geometry":{"type":"Point","coordinates":[2.580103342831972,48.84289619599068]},"properties":{"stationId":"noisy::93051","name":"Noisy - Champs","metroLines":[],"rerLines":["A"]}},{"type":"Feature","geometry":{"type":"Point","coordinates":[2.5145898211367705,48.85252451313788]},"properties":{"stationId":"neuilly-plaisance::93049","name":"Neuilly-Plaisance","metroLines":[],"rerLines":["A"]}},{"type":"Feature","geometry":{"type":"Point","coordinates":[2.0797809490013073,49.036306683133965]},"properties":{"stationId":"cergy prefecture::95127","name":"Cergy Préfecture","metroLines":[],"rerLines":["A"]}},{"type":"Feature","geometry":{"type":"Point","coordinates":[2.13649439862523,48.698175579920274]},"properties":{"stationId":"gif-sur-yvette::91272","name":"Gif-sur-Yvette","metroLines":[],"rerLines":["B"]}},{"type":"Feature","geometry":{"type":"Point","coordinates":[2.1929739951487424,48.705497380193584]},"properties":{"stationId":"le guichet::91471","name":"Le Guichet","metroLines":[],"rerLines":["B"]}},{"type":"Feature","geometry":{"type":"Point","coordinates":[2.212717641845953,48.705912413627026]},"properties":{"stationId":"lozere::91477","name":"Lozère","metroLines":[],"rerLines":["B"]}},{"type":"Feature","geometry":{"type":"Point","coordinates":[2.288108127151424,48.73984612871272]},"properties":{"stationId":"les baconnets::92002","name":"Les Baconnets","metroLines":[],"rerLines":["B"]}},{"type":"Feature","geometry":{"type":"Point","coordinates":[2.4753884360764298,48.93230698220945]},"properties":{"stationId":"le blanc-mesnil::93007","name":"Le Blanc-Mesnil","metroLines":[],"rerLines":["B"]}},{"type":"Feature","geometry":{"type":"Point","coordinates":[2.5352889927291447,48.93640164880271]},"properties":{"stationId":"sevran::93071","name":"Sevran - Livry","metroLines":[],"rerLines":["B"]}}]}